Bats,xMLBAMID,Name,Team,Season,Age,AgeR,SeasonMin,SeasonMax,G,AB,PA,H,1B,2B,3B,HR,R,RBI,BB,IBB,SO,HBP,SF,SH,GDP,SB,CS,AVG,GB,FB,LD,IFFB,Pitches,Balls,Strikes,IFH,BU,BUH,BB%,K%,BB/K,OBP,SLG,OPS,ISO,BABIP,GB/FB,LD%,GB%,FB%,IFFB%,HR/FB,IFH%,BUH%,TTO%,wOBA,wRAA,wRC,Batting,Fielding,Replacement,Positional,wLeague,CFraming,Defense,Offense,RAR,WAR,WAROld,Dollars,BaseRunning,Spd,wRC+,wBsR,WPA,-WPA,+WPA,RE24,REW,pLI,phLI,PH,WPA/LI,Clutch,FB%1,FBv,SL%,SLv,CT%,CTv,CB%,CBv,CH%,CHv,SF%,SFv,KN%,KNv,XX%,PO%,wFB,wSL,wCT,wCB,wCH,wSF,wKN,wFB/C,wSL/C,wCT/C,wCB/C,wCH/C,wSF/C,wKN/C,O-Swing%,Z-Swing%,Swing%,O-Contact%,Z-Contact%,Contact%,Zone%,F-Strike%,SwStr%,CStr%,C+SwStr%,Pull,Cent,Oppo,Soft,Med,Hard,bipCount,Pull%,Cent%,Oppo%,Soft%,Med%,Hard%,UBR,GDPRuns,AVG+,BB%+,K%+,OBP+,SLG+,ISO+,BABIP+,LD%+,GB%+,FB%+,HRFB%+,Pull%+,Cent%+,Oppo%+,Soft%+,Med%+,Hard%+,xwOBA,xAVG,xSLG,XBR,PPTV,CPTV,BPTV,DSV,DGV,BTV,rPPTV,rCPTV,rBPTV,rDSV,rDGV,rBTV,EBV,ESV,rFTeamV,rBTeamV,rTV,BReview,BOverturned,BCorrect%,wBReview,PReview,POverturned,PCorrect%,wPReview,CReview,COverturned,CCorrect%,wCReview,AsCReview,AsCOverturned,AsCCorrect%,wAsCReview,pfxFA%,pfxFT%,pfxFC%,pfxFS%,pfxFO%,pfxSI%,pfxSL%,pfxCU%,pfxKC%,pfxEP%,pfxCH%,pfxSC%,pfxKN%,pfxUN%,pfxSLO%,pfxST%,pfxCUO%,pfxCV%,pfxvFA,pfxvFT,pfxvFC,pfxvFS,pfxvFO,pfxvSI,pfxvSL,pfxvCU,pfxvKC,pfxvEP,pfxvCH,pfxvSC,pfxvKN,pfxvSLO,pfxvST,pfxvCUO,pfxvCV,pfxFA-X,pfxFT-X,pfxFC-X,pfxFS-X,pfxFO-X,pfxSI-X,pfxSL-X,pfxCU-X,pfxKC-X,pfxEP-X,pfxCH-X,pfxSC-X,pfxKN-X,pfxSLO-X,pfxST-X,pfxCUO-X,pfxCV-X,pfxFA-Z,pfxFT-Z,pfxFC-Z,pfxFS-Z,pfxFO-Z,pfxSI-Z,pfxSL-Z,pfxCU-Z,pfxKC-Z,pfxEP-Z,pfxCH-Z,pfxSC-Z,pfxKN-Z,pfxSLO-Z,pfxST-Z,pfxCUO-Z,pfxCV-Z,pfxwFA,pfxwFT,pfxwFC,pfxwFS,pfxwFO,pfxwSI,pfxwSL,pfxwCU,pfxwKC,pfxwEP,pfxwCH,pfxwSC,pfxwKN,pfxwSLO,pfxwST,pfxwCUO,pfxwCV,pfxwFA/C,pfxwFT/C,pfxwFC/C,pfxwFS/C,pfxwFO/C,pfxwSI/C,pfxwSL/C,pfxwCU/C,pfxwKC/C,pfxwEP/C,pfxwCH/C,pfxwSC/C,pfxwKN/C,pfxwSLO/C,pfxwST/C,pfxwCUO/C,pfxwCV/C,pfxaaFA,pfxaaFT,pfxaaFC,pfxaaFS,pfxaaFO,pfxaaSI,pfxaaSL,pfxaaCU,pfxaaKC,pfxaaEP,pfxaaCH,pfxaaSC,pfxaaKN,pfxaaSLO,pfxaaST,pfxaaCUO,pfxaaCV,pfxspFA,pfxspFT,pfxspFC,pfxspFS,pfxspFO,pfxspSI,pfxspSL,pfxspCU,pfxspKC,pfxspEP,pfxspCH,pfxspSC,pfxspKN,pfxspSLO,pfxspST,pfxspCUO,pfxspCV,pfxO-Swing%,pfxZ-Swing%,pfxSwing%,pfxO-Contact%,pfxZ-Contact%,pfxContact%,pfxZone%,pfxPace,AvgBatSpeed,FastSwing%,SwingLength,SquaredUpContact%,SquaredUpSwing%,BlastContact%,BlastSwing%,Swords,CompetitiveSwings,Tilt,AttackAngle,AttackDirection,IdealAttackAngle%,DepthInBox,DistanceOffPlate,scH-Swing%,scH-Contact%,scH-Zone%,scS-Swing%,scS-Contact%,scS-Zone%,scC-Swing%,scC-Contact%,scC-Zone%,scW-Swing%,scW-Contact%,scW-Zone%,scSI-Swing%,scSI-Contact%,scSI-Zone%,scSO-Swing%,scSO-Contact%,scSO-Zone%,scO-Swing%,scO-Contact%,scO-Zone%,scZ-Swing%,scZ-Contact%,scZ-Zone%,piCH%,piCS%,piCU%,piFA%,piFC%,piFS%,piKN%,piSB%,piSI%,piSL%,piXX%,pivCH,pivCS,pivCU,pivFA,pivFC,pivFS,pivKN,pivSB,pivSI,pivSL,pivXX,piCH-X,piCS-X,piCU-X,piFA-X,piFC-X,piFS-X,piKN-X,piSB-X,piSI-X,piSL-X,piXX-X,piCH-Z,piCS-Z,piCU-Z,piFA-Z,piFC-Z,piFS-Z,piKN-Z,piSB-Z,piSI-Z,piSL-Z,piXX-Z,piwCH,piwCS,piwCU,piwFA,piwFC,piwFS,piwKN,piwSB,piwSI,piwSL,piwXX,piwCH/C,piwCS/C,piwCU/C,piwFA/C,piwFC/C,piwFS/C,piwKN/C,piwSB/C,piwSI/C,piwSL/C,piwXX/C,piO-Swing%,piZ-Swing%,piSwing%,piO-Contact%,piZ-Contact%,piContact%,piZone%,piPace,Events,EV,LA,Barrels,Barrel%,maxEV,HardHit,HardHit%,Q,TG,TPA,PlayerNameRoute,PlayerName,positionDB,position,playerid,TeamName,TeamNameAbb,teamid,playerTeamId,Pos,EV90
L,122039.0,Orator Shaffer,IND,1878,,,1878,1878,63.0,266.0,279.0,90.0,65.0,19.0,6.0,0.0,48.0,30.0,13.0,,20.0,,,,,,,0.338345864,,,,,,,,,,,0.046594982,0.071684587,0.65,0.369175627,0.454887218,0.824062845,0.116541354,0.365853658,,,,,,,,,0.11827957,0.38006594873243765,20.915655650985276,58.837985061895886,23.043687158119713,6.0,9.226343404501677,-3.8888888359069824,0.3653047245461494,,2.1111111640930176,23.043687158119713,34.74644645126055,3.278360467391005,3.278360467391005,,0.0,,159.25836302986943,0.0,,,,,,,,,,,,,,,,,,,,,,,,,,,,,,,,,,,,,,,,,,,,,,,,,,,,,,,,,,,,,,,,,,,128.1919340397108,184.54217199084368,96.2308995289378,130.671575238201,139.62230285867864,188.39083410092044,128.66639327682321,,,,,,,,,,,,,,,,,,,,,,,,,,,,,0.0,0.0,0.0,,,,,,,,,,,,,,,,,,,,,,,,,,,,,,,,,,,,,,,,,,,,,,,,,,,,,,,,,,,,,,,,,,,,,,,,,,,,,,,,,,,,,,,,,,,,,,,,,,,,,,,,,,,,,,,,,,,,,,,,,,,,,,,,,,,,,,,,,,,,,,,,,,,,,,,,,,,,,,,,,,,,,,,,,,,,,,,,,,,,,,,,,,,,,,,,,,,,,,,,,,,,,,,,,,,,,,,,,,,,,,,,,,,,,,,,,,,,,,,,,,,,,,,,,,,,,,,,,,,,,,,,,,,,,,,,,,,0.0,,,,,,,,4.42857143,63.0,279.0,Orator Shaffer,George Shafer,OF,OF,1011783,IND,IND,1035,,0.0,
B,114069.0,Bob Ferguson,CHI,1878,33.0,33 - 33,1878,1878,61.0,259.0,269.0,91.0,79.0,10.0,2.0,0.0,44.0,39.0,10.0,,12.0,,,,,,,0.351351351,,,,,,,,,,,0.037174721,0.044609665,0.833333333,0.375464684,0.405405405,0.780870089,0.054054054,0.368421052,,,,,,,,,0.08178439,0.3645230409824272,17.076086794687882,53.639192929221764,15.120482613994255,5.0,8.89565009251237,3.565013885498047,0.35221136524342,,8.565013885498047,15.120482613994255,32.93335795724809,3.102603483565341,3.102603483565341,,0.0,,140.32879595780327,0.0,,,,,,,,,,,,,,,,,,,,,,,,,,,,,,,,,,,,,,,,,,,,,,,,,,,,,,,,,,,,,,,,,,,133.11943193180358,147.23267317698782,59.884953939046525,132.89761868432709,124.43444000542408,87.37918318330328,129.56931530282233,,,,,,,,,,,,,,,,,,,,,,,,,,,,,0.0,0.0,0.0,,,,,,,,,,,,,,,,,,,,,,,,,,,,,,,,,,,,,,,,,,,,,,,,,,,,,,,,,,,,,,,,,,,,,,,,,,,,,,,,,,,,,,,,,,,,,,,,,,,,,,,,,,,,,,,,,,,,,,,,,,,,,,,,,,,,,,,,,,,,,,,,,,,,,,,,,,,,,,,,,,,,,,,,,,,,,,,,,,,,,,,,,,,,,,,,,,,,,,,,,,,,,,,,,,,,,,,,,,,,,,,,,,,,,,,,,,,,,,,,,,,,,,,,,,,,,,,,,,,,,,,,,,,,,,,,,,,0.0,,,,,,,,4.40983607,61.0,269.0,Bob Ferguson,Bob Ferguson,2B/3B,2B/3B,1003985,CHI,CHI,17,,0.0,
R,115966.0,Paul Hines,PRO,1878,23.0,23 - 23,1878,1878,62.0,257.0,259.0,92.0,71.0,13.0,4.0,4.0,42.0,50.0,2.0,,10.0,,,,,,,0.357976653,,,,,,,,,,,0.007722007,0.038610038,0.2,0.362934362,0.486381322,0.849315684,0.128404669,0.362139917,,,,,,,,,0.06177606,0.389533776804287,21.228543886336915,56.432426744494066,21.402201482448213,2.0,8.564956780523062,-2.9506173133850098,0.33911800594069064,,-0.9506173133850098,21.402201482448213,29.355658955526955,2.748778181335913,2.748778181335913,,0.0,,159.2871490769267,0.0,,,,,,,,,,,,,,,,,,,,,,,,,,,,,,,,,,,,,,,,,,,,,,,,,,,,,,,,,,,,,,,,,,,135.62961564422267,30.58346377102365,51.83092828011231,128.46244801152997,149.28904914863642,207.5680594492029,127.36031460414729,,,,,,,,,,,,,,,,,,,,,,,,,,,,,0.0,0.0,0.0,,,,,,,,,,,,,,,,,,,,,,,,,,,,,,,,,,,,,,,,,,,,,,,,,,,,,,,,,,,,,,,,,,,,,,,,,,,,,,,,,,,,,,,,,,,,,,,,,,,,,,,,,,,,,,,,,,,,,,,,,,,,,,,,,,,,,,,,,,,,,,,,,,,,,,,,,,,,,,,,,,,,,,,,,,,,,,,,,,,,,,,,,,,,,,,,,,,,,,,,,,,,,,,,,,,,,,,,,,,,,,,,,,,,,,,,,,,,,,,,,,,,,,,,,,,,,,,,,,,,,,,,,,,,,,,,,,,0.0,,,,,,,,4.17741935,62.0,259.0,Paul Hines,Paul Hines,OF,OF,1005845,PRO,PRO,1064,,0.0,
R,116670.0,Charley Jones,CIN,1878,28.0,28 - 28,1878,1878,61.0,261.0,265.0,81.0,60.0,11.0,7.0,3.0,50.0,39.0,4.0,,17.0,,,,,,,0.310344827,,,,,,,,,,,0.015094339,0.064150943,0.235294117,0.320754716,0.440613026,0.761367742,0.130268199,0.323651452,,,,,,,,,0.09056604,0.3483376197095187,13.652378771723315,49.671795595706506,14.586429748953387,7.0,8.763372767716646,-3.6419754028320312,0.34697402152232826,,3.3580245971679688,14.586429748953387,27.05480113536033,2.5685435305337347,2.5685435305337347,,0.0,,139.4916258401895,0.0,,,,,,,,,,,,,,,,,,,,,,,,,,,,,,,,,,,,,,,,,,,,,,,,,,,,,,,,,,,,,,,,,,,117.58294640288392,59.78201909866817,86.11757713718316,113.53274956258635,135.2410068371076,210.5804834431106,113.82437785451052,,,,,,,,,,,,,,,,,,,,,,,,,,,,,0.0,0.0,0.0,,,,,,,,,,,,,,,,,,,,,,,,,,,,,,,,,,,,,,,,,,,,,,,,,,,,,,,,,,,,,,,,,,,,,,,,,,,,,,,,,,,,,,,,,,,,,,,,,,,,,,,,,,,,,,,,,,,,,,,,,,,,,,,,,,,,,,,,,,,,,,,,,,,,,,,,,,,,,,,,,,,,,,,,,,,,,,,,,,,,,,,,,,,,,,,,,,,,,,,,,,,,,,,,,,,,,,,,,,,,,,,,,,,,,,,,,,,,,,,,,,,,,,,,,,,,,,,,,,,,,,,,,,,,,,,,,,,0.0,,,,,,,,4.3442623,61.0,265.0,Charley Jones,Charley Jones,OF,OF,1006535,CIN,CIN,1028,,0.0,
L,113013.0,Abner Dalrymple,MIL,1878,20.0,20 - 20,1878,1878,61.0,271.0,277.0,96.0,82.0,10.0,4.0,0.0,52.0,15.0,6.0,,29.0,,,,,,,0.354243542,,,,,,,,,,,0.021660649,0.10469314,0.206896551,0.368231046,0.420664206,0.788895252,0.066420664,0.396694214,,,,,,,,,0.12635379,0.365972442317095,17.880633517457102,55.53111827309236,14.275201409412478,5.0,9.160204742103815,-3.765432119369507,0.3626860526856035,,1.2345678806304932,14.275201409412478,25.03266008483239,2.36648060722455,2.36648060722455,,0.0,,136.97467440070906,0.0,,,,,,,,,,,,,,,,,,,,,,,,,,,,,,,,,,,,,,,,,,,,,,,,,,,,,,,,,,,,,,,,,,,134.21522058285754,85.78827679751645,140.54227635724567,130.33723602893875,129.1179502254943,107.3699923934038,139.51265111900085,,,,,,,,,,,,,,,,,,,,,,,,,,,,,0.0,0.0,0.0,,,,,,,,,,,,,,,,,,,,,,,,,,,,,,,,,,,,,,,,,,,,,,,,,,,,,,,,,,,,,,,,,,,,,,,,,,,,,,,,,,,,,,,,,,,,,,,,,,,,,,,,,,,,,,,,,,,,,,,,,,,,,,,,,,,,,,,,,,,,,,,,,,,,,,,,,,,,,,,,,,,,,,,,,,,,,,,,,,,,,,,,,,,,,,,,,,,,,,,,,,,,,,,,,,,,,,,,,,,,,,,,,,,,,,,,,,,,,,,,,,,,,,,,,,,,,,,,,,,,,,,,,,,,,,,,,,,0.0,,,,,,,,4.54098361,61.0,277.0,Abner Dalrymple,Abner Dalrymple,OF,OF,1002948,MIL,MIL,1048,,0.0,
L,122695.0,Joe Start,CHI,1878,35.0,35 - 35,1878,1878,61.0,285.0,287.0,100.0,82.0,12.0,5.0,1.0,58.0,27.0,2.0,,3.0,,,,,,,0.350877192,,,,,,,,,,,0.006968641,0.010452961,0.666666666,0.355400696,0.438596491,0.793997187,0.087719299,0.352313167,,,,,,,,,0.02090592,0.36596975301616286,18.525573349870093,57.53528138188208,16.439110896862395,-1.0,9.490898054093122,0.0,0.37577941198833287,,-1.0,16.439110896862395,25.30578836294385,2.3509597641684707,2.3509597641684707,,0.0,,141.09588253435766,0.0,,,,,,,,,,,,,,,,,,,,,,,,,,,,,,,,,,,,,,,,,,,,,,,,,,,,,,,,,,,,,,,,,,,132.9397833363287,27.599713333174915,14.03227502407045,125.79586893224943,134.62205504124697,141.7995530183907,123.90436315338162,,,,,,,,,,,,,,,,,,,,,,,,,,,,,0.0,0.0,0.0,,,,,,,,,,,,,,,,,,,,,,,,,,,,,,,,,,,,,,,,,,,,,,,,,,,,,,,,,,,,,,,,,,,,,,,,,,,,,,,,,,,,,,,,,,,,,,,,,,,,,,,,,,,,,,,,,,,,,,,,,,,,,,,,,,,,,,,,,,,,,,,,,,,,,,,,,,,,,,,,,,,,,,,,,,,,,,,,,,,,,,,,,,,,,,,,,,,,,,,,,,,,,,,,,,,,,,,,,,,,,,,,,,,,,,,,,,,,,,,,,,,,,,,,,,,,,,,,,,,,,,,,,,,,,,,,,,,0.0,,,,,,,,4.70491803,61.0,287.0,Joe Start,Joe Start,1B,1B,1012436,CHI,CHI,17,,0.0,
R,114714.0,Joe Gerhardt,CIN,1878,23.0,23 - 23,1878,1878,60.0,259.0,266.0,77.0,68.0,7.0,2.0,0.0,46.0,28.0,7.0,,14.0,,,,,,,0.297297297,,,,,,,,,,,0.026315789,0.052631578,0.5,0.315789473,0.339768339,0.655557812,0.042471042,0.314285714,,,,,,,,,0.07894737,0.30659164678781553,5.497422578462867,41.65276173008373,6.434998276361732,7.0,8.796442098915577,1.111111044883728,0.3482833574526012,,8.111111044883728,6.434998276361732,23.690834777613638,2.255116459765238,2.255116459765238,,0.0,,117.35676091426993,0.0,,,,,,,,,,,,,,,,,,,,,,,,,,,,,,,,,,,,,,,,,,,,,,,,,,,,,,,,,,,,,,,,,,,112.63951932691072,104.22523308867792,70.65373892113591,111.77527675886184,104.28791149204852,68.65507180837479,110.53055885752869,,,,,,,,,,,,,,,,,,,,,,,,,,,,,0.0,0.0,0.0,,,,,,,,,,,,,,,,,,,,,,,,,,,,,,,,,,,,,,,,,,,,,,,,,,,,,,,,,,,,,,,,,,,,,,,,,,,,,,,,,,,,,,,,,,,,,,,,,,,,,,,,,,,,,,,,,,,,,,,,,,,,,,,,,,,,,,,,,,,,,,,,,,,,,,,,,,,,,,,,,,,,,,,,,,,,,,,,,,,,,,,,,,,,,,,,,,,,,,,,,,,,,,,,,,,,,,,,,,,,,,,,,,,,,,,,,,,,,,,,,,,,,,,,,,,,,,,,,,,,,,,,,,,,,,,,,,,0.0,,,,,,,,4.36065574,61.0,266.0,Joe Gerhardt,Joe Gerhardt,2B,2B,1004629,CIN,CIN,1028,,0.0,
R,111570.0,Lew Brown,PRO,1878,20.0,20 - 20,1878,1878,58.0,243.0,250.0,74.0,46.0,21.0,6.0,1.0,44.0,43.0,7.0,,37.0,,,,,,,0.304526748,,,,,,,,,,,0.028,0.148,0.189189189,0.324,0.452674897,0.776674897,0.148148149,0.35609756,,,,,,,,,0.18,0.35500013375282286,14.110547341752119,48.09112925117023,14.27817050402171,-1.0,8.267332799732685,1.2415372133255005,0.3273339825682342,,0.2415372133255005,14.27817050402171,23.11437449964813,2.1467816140414495,2.1467816140414495,,0.0,,140.97646014466133,0.0,,,,,,,,,,,,,,,,,,,,,,,,,,,,,,,,,,,,,,,,,,,,,,,,,,,,,,,,,,,,,,,,,,,115.37860203588488,110.89565000247504,198.6783174224439,114.68143420306869,138.9432568436231,239.48368885964246,125.23528929667597,,,,,,,,,,,,,,,,,,,,,,,,,,,,,0.0,0.0,0.0,,,,,,,,,,,,,,,,,,,,,,,,,,,,,,,,,,,,,,,,,,,,,,,,,,,,,,,,,,,,,,,,,,,,,,,,,,,,,,,,,,,,,,,,,,,,,,,,,,,,,,,,,,,,,,,,,,,,,,,,,,,,,,,,,,,,,,,,,,,,,,,,,,,,,,,,,,,,,,,,,,,,,,,,,,,,,,,,,,,,,,,,,,,,,,,,,,,,,,,,,,,,,,,,,,,,,,,,,,,,,,,,,,,,,,,,,,,,,,,,,,,,,,,,,,,,,,,,,,,,,,,,,,,,,,,,,,,0.0,,,,,,,,4.03225806,62.0,250.0,Lew Brown,Lew Brown,C/1B,C/1B,1001537,PRO,PRO,1064,,0.0,
L,124679.0,Tom York,PRO,1878,27.0,27 - 27,1878,1878,62.0,269.0,277.0,83.0,53.0,19.0,10.0,1.0,56.0,26.0,8.0,,19.0,,,,,,,0.308550185,,,,,,,,,,,0.028880866,0.068592057,0.421052631,0.328519855,0.464684014,0.793203869,0.156133829,0.329317269,,,,,,,,,0.10108303,0.3616431424333731,16.99438025900902,54.64486501464428,17.18010672280373,0.0,9.160204742103815,-3.827160596847534,0.3626860526856035,,-3.827160596847534,17.18010672280373,22.875836920745613,2.1313847390108247,2.1313847390108247,,0.0,,144.4987663589991,0.0,,,,,,,,,,,,,,,,,,,,,,,,,,,,,,,,,,,,,,,,,,,,,,,,,,,,,,,,,,,,,,,,,,,116.90299534283817,114.38437170372788,92.07942211692139,116.28125967772891,142.62931462781717,252.39265949047137,115.81697850894082,,,,,,,,,,,,,,,,,,,,,,,,,,,,,0.0,0.0,0.0,,,,,,,,,,,,,,,,,,,,,,,,,,,,,,,,,,,,,,,,,,,,,,,,,,,,,,,,,,,,,,,,,,,,,,,,,,,,,,,,,,,,,,,,,,,,,,,,,,,,,,,,,,,,,,,,,,,,,,,,,,,,,,,,,,,,,,,,,,,,,,,,,,,,,,,,,,,,,,,,,,,,,,,,,,,,,,,,,,,,,,,,,,,,,,,,,,,,,,,,,,,,,,,,,,,,,,,,,,,,,,,,,,,,,,,,,,,,,,,,,,,,,,,,,,,,,,,,,,,,,,,,,,,,,,,,,,,0.0,,,,,,,,4.46774194,62.0,277.0,Tom York,Tom York,OF,OF,1014355,PRO,PRO,1064,,0.0,
L,115920.0,Dick Higham,PRO,1878,,,1878,1878,62.0,281.0,286.0,90.0,66.0,22.0,1.0,1.0,60.0,29.0,5.0,,16.0,,,,,,,0.320284697,,,,,,,,,,,0.017482517,0.055944055,0.3125,0.332167832,0.416370106,0.748537938,0.096085409,0.337121212,,,,,,,,,0.07692308,0.3455428383150301,14.143555446234604,53.017341150608914,14.335316343871018,2.0,9.457828722894192,-3.7360377311706543,0.37447007605805993,,-1.7360377311706543,14.335316343871018,22.431577411652615,2.1036484846428642,2.1036484846428642,,0.0,,135.9619415592955,0.0,,,,,,,,,,,,,,,,,,,,,,,,,,,,,,,,,,,,,,,,,,,,,,,,,,,,,,,,,,,,,,,,,,,121.34894828137386,69.24053879979712,75.10047781884231,117.57247953667891,127.79992653306897,155.32349440901544,118.56153272397043,,,,,,,,,,,,,,,,,,,,,,,,,,,,,0.0,0.0,0.0,,,,,,,,,,,,,,,,,,,,,,,,,,,,,,,,,,,,,,,,,,,,,,,,,,,,,,,,,,,,,,,,,,,,,,,,,,,,,,,,,,,,,,,,,,,,,,,,,,,,,,,,,,,,,,,,,,,,,,,,,,,,,,,,,,,,,,,,,,,,,,,,,,,,,,,,,,,,,,,,,,,,,,,,,,,,,,,,,,,,,,,,,,,,,,,,,,,,,,,,,,,,,,,,,,,,,,,,,,,,,,,,,,,,,,,,,,,,,,,,,,,,,,,,,,,,,,,,,,,,,,,,,,,,,,,,,,,0.0,,,,,,,,4.61290323,62.0,286.0,Dick Higham,Dick Higham,C/OF,C/OF,1005794,PRO,PRO,1064,,0.0,
L,124175.0,Deacon White,CIN,1878,30.0,30 - 30,1878,1878,61.0,258.0,268.0,81.0,76.0,4.0,1.0,0.0,41.0,29.0,10.0,,5.0,,,,,,,0.313953488,,,,,,,,,,,0.037313432,0.018656716,2.0,0.339552238,0.337209302,0.67676154,0.023255814,0.320158102,,,,,,,,,0.05597015,0.3189857699977818,7.993527725914442,44.42071153281065,8.938152865150892,2.0,8.862580761313438,0.4924026429653168,0.35090202931314707,,2.4924026429653168,8.938152865150892,20.644038298742792,1.9371001044091427,1.9371001044091427,,0.0,,123.9284664927302,0.0,,,,,,,,,,,,,,,,,,,,,,,,,,,,,,,,,,,,,,,,,,,,,,,,,,,,,,,,,,,,,,,,,,,118.95019004941385,147.78204626654113,25.04516853721884,120.1862272861164,103.50244506234428,37.59336962187571,112.5958080831688,,,,,,,,,,,,,,,,,,,,,,,,,,,,,0.0,0.0,0.0,,,,,,,,,,,,,,,,,,,,,,,,,,,,,,,,,,,,,,,,,,,,,,,,,,,,,,,,,,,,,,,,,,,,,,,,,,,,,,,,,,,,,,,,,,,,,,,,,,,,,,,,,,,,,,,,,,,,,,,,,,,,,,,,,,,,,,,,,,,,,,,,,,,,,,,,,,,,,,,,,,,,,,,,,,,,,,,,,,,,,,,,,,,,,,,,,,,,,,,,,,,,,,,,,,,,,,,,,,,,,,,,,,,,,,,,,,,,,,,,,,,,,,,,,,,,,,,,,,,,,,,,,,,,,,,,,,,0.0,,,,,,,,4.39344262,61.0,268.0,Deacon White,Deacon White,C/3B,C/3B,1013860,CIN,CIN,1028,,0.0,
R,112311.0,John Clapp,IND,1878,26.0,26 - 26,1878,1878,63.0,263.0,276.0,80.0,68.0,10.0,2.0,0.0,42.0,29.0,13.0,,8.0,,,,,,,0.304182509,,,,,,,,,,,0.047101449,0.028985507,1.625,0.336956521,0.357414448,0.694370969,0.053231939,0.31372549,,,,,,,,,0.07608696,0.32586310890273773,9.634921621488525,47.14948404948611,11.740071069406463,0.0,9.127135410904884,-2.040257692337036,0.36137671675533056,,-2.040257692337036,11.740071069406463,19.18832550472964,1.7878123668062904,1.7878123668062904,,0.0,,130.51852408823305,0.0,,,,,,,,,,,,,,,,,,,,,,,,,,,,,,,,,,,,,,,,,,,,,,,,,,,,,,,,,,,,,,,,,,,115.24817732000332,186.54806438976524,38.91075513781399,119.2674601615939,109.704177936966,86.05022204409362,110.33353471978695,,,,,,,,,,,,,,,,,,,,,,,,,,,,,0.0,0.0,0.0,,,,,,,,,,,,,,,,,,,,,,,,,,,,,,,,,,,,,,,,,,,,,,,,,,,,,,,,,,,,,,,,,,,,,,,,,,,,,,,,,,,,,,,,,,,,,,,,,,,,,,,,,,,,,,,,,,,,,,,,,,,,,,,,,,,,,,,,,,,,,,,,,,,,,,,,,,,,,,,,,,,,,,,,,,,,,,,,,,,,,,,,,,,,,,,,,,,,,,,,,,,,,,,,,,,,,,,,,,,,,,,,,,,,,,,,,,,,,,,,,,,,,,,,,,,,,,,,,,,,,,,,,,,,,,,,,,,0.0,,,,,,,,4.38095238,63.0,276.0,John Clapp,John Clapp,C,C,1002259,IND,IND,1035,,0.0,
R,110284.0,Cap Anson,CHI,1878,26.0,26 - 26,1878,1878,60.0,261.0,274.0,89.0,75.0,12.0,2.0,0.0,55.0,40.0,13.0,,1.0,,,,,,,0.340996168,,,,,,,,,,,0.047445255,0.003649635,13.0,0.372262773,0.40229885,0.774561623,0.061302682,0.342307692,,,,,,,,,0.05109489,0.36195448889349496,16.8733712164494,54.116088989171644,14.88141751566853,-4.0,9.060996748507023,-2.4514992237091064,0.3587580448947847,,-6.4514992237091064,14.88141751566853,17.849673085361232,1.6357751249870591,1.6357751249870591,,0.0,,138.96687887779322,0.0,,,,,,,,,,,,,,,,,,,,,,,,,,,,,,,,,,,,,,,,,,,,,,,,,,,,,,,,,,,,,,,,,,,129.19607693519828,187.90972831279205,4.899346898689602,131.76428613596107,123.4809193394353,99.09669828105379,120.38555623941217,,,,,,,,,,,,,,,,,,,,,,,,,,,,,0.0,0.0,0.0,,,,,,,,,,,,,,,,,,,,,,,,,,,,,,,,,,,,,,,,,,,,,,,,,,,,,,,,,,,,,,,,,,,,,,,,,,,,,,,,,,,,,,,,,,,,,,,,,,,,,,,,,,,,,,,,,,,,,,,,,,,,,,,,,,,,,,,,,,,,,,,,,,,,,,,,,,,,,,,,,,,,,,,,,,,,,,,,,,,,,,,,,,,,,,,,,,,,,,,,,,,,,,,,,,,,,,,,,,,,,,,,,,,,,,,,,,,,,,,,,,,,,,,,,,,,,,,,,,,,,,,,,,,,,,,,,,,0.0,,,,,,,,4.49180328,61.0,274.0,Cap Anson,Cap Anson,1B,1B,1000272,CHI,CHI,17,,0.0,
R,111703.0,Jack Burdock,BSN,1878,,,1878,1878,60.0,246.0,249.0,64.0,46.0,12.0,6.0,0.0,37.0,25.0,3.0,,17.0,,,,,,,0.260162601,,,,,,,,,,,0.012048192,0.068273092,0.176470588,0.269076305,0.357723577,0.626799882,0.097560976,0.279475982,,,,,,,,,0.08032129,0.2875198501659684,1.6365341397789523,35.481193721559386,0.9582824262646243,5.0,8.234263468533754,1.111111044883728,0.32602464663796127,,6.111111044883728,0.9582824262646243,15.629681586320068,1.4903874202338265,1.4903874202338265,,0.0,,102.76118852328975,0.0,,,,,,,,,,,,,,,,,,,,,,,,,,,,,,,,,,,,,,,,,,,,,,,,,,,,,,,,,,,,,,,,,,,98.56998573208979,47.71757439980784,91.65123678234941,95.24091533167389,109.79906146227182,157.70877043645712,98.28838888208783,,,,,,,,,,,,,,,,,,,,,,,,,,,,,0.0,0.0,0.0,,,,,,,,,,,,,,,,,,,,,,,,,,,,,,,,,,,,,,,,,,,,,,,,,,,,,,,,,,,,,,,,,,,,,,,,,,,,,,,,,,,,,,,,,,,,,,,,,,,,,,,,,,,,,,,,,,,,,,,,,,,,,,,,,,,,,,,,,,,,,,,,,,,,,,,,,,,,,,,,,,,,,,,,,,,,,,,,,,,,,,,,,,,,,,,,,,,,,,,,,,,,,,,,,,,,,,,,,,,,,,,,,,,,,,,,,,,,,,,,,,,,,,,,,,,,,,,,,,,,,,,,,,,,,,,,,,,0.0,,,,,,,,4.15,60.0,249.0,Jack Burdock,Jack Burdock,2B,2B,1001664,BSN,BSN,16,,0.0,
R,117504.0,Terry Larkin,CHI,1878,,,1878,1878,58.0,226.0,243.0,65.0,52.0,9.0,4.0,0.0,33.0,32.0,17.0,,17.0,,,,,,,0.287610619,,,,,,,,,,,0.069958847,0.069958847,1.0,0.337448559,0.362831858,0.700280417,0.075221239,0.311004784,,,,,,,,,0.1399177,0.32896359884199294,9.039717276521056,42.06884289247545,7.273130600281089,0.0,8.03584748134017,-0.03086419776082039,0.31816863105632365,,-0.03086419776082039,7.273130600281089,15.596282514916762,1.4531349673789977,1.4531349673789977,,0.0,,121.47420008826106,0.0,,,,,,,,,,,,,,,,,,,,,,,,,,,,,,,,,,,,,,,,,,,,,,,,,,,,,,,,,,,,,,,,,,,108.9694464241135,277.0761361245965,93.9142298025283,119.4416194934532,111.36698847504896,121.59625292593294,109.37669468134017,,,,,,,,,,,,,,,,,,,,,,,,,,,,,0.0,0.0,0.0,,,,,,,,,,,,,,,,,,,,,,,,,,,,,,,,,,,,,,,,,,,,,,,,,,,,,,,,,,,,,,,,,,,,,,,,,,,,,,,,,,,,,,,,,,,,,,,,,,,,,,,,,,,,,,,,,,,,,,,,,,,,,,,,,,,,,,,,,,,,,,,,,,,,,,,,,,,,,,,,,,,,,,,,,,,,,,,,,,,,,,,,,,,,,,,,,,,,,,,,,,,,,,,,,,,,,,,,,,,,,,,,,,,,,,,,,,,,,,,,,,,,,,,,,,,,,,,,,,,,,,,,,,,,,,,,,,,0.0,,,,,,,,3.98360656,61.0,243.0,Terry Larkin,Terry Larkin,P,P,1007352,CHI,CHI,17,,0.0,
R,122952.0,Chub Sullivan,CIN,1878,22.0,22 - 22,1878,1878,61.0,244.0,246.0,63.0,57.0,4.0,2.0,0.0,29.0,20.0,2.0,,9.0,,,,,,,0.258196721,,,,,,,,,,,0.008130081,0.036585365,0.222222222,0.264227642,0.290983606,0.555211248,0.032786885,0.268085106,,,,,,,,,0.04471545,0.2585252428927073,-3.654422578198566,29.78247002066885,-2.787341293675556,9.0,8.135055474936962,0.0,0.32209663884714246,,9.0,-2.787341293675556,14.669810820108548,1.4282669349727086,1.4282669349727086,,0.0,,91.87062936121212,0.0,,,,,,,,,,,,,,,,,,,,,,,,,,,,,,,,,,,,,,,,,,,,,,,,,,,,,,,,,,,,,,,,,,,97.8251562953984,32.19966489527758,49.112964597878175,93.52470660695982,89.31400917895745,53.00048781586112,94.28235286431067,,,,,,,,,,,,,,,,,,,,,,,,,,,,,0.0,0.0,0.0,,,,,,,,,,,,,,,,,,,,,,,,,,,,,,,,,,,,,,,,,,,,,,,,,,,,,,,,,,,,,,,,,,,,,,,,,,,,,,,,,,,,,,,,,,,,,,,,,,,,,,,,,,,,,,,,,,,,,,,,,,,,,,,,,,,,,,,,,,,,,,,,,,,,,,,,,,,,,,,,,,,,,,,,,,,,,,,,,,,,,,,,,,,,,,,,,,,,,,,,,,,,,,,,,,,,,,,,,,,,,,,,,,,,,,,,,,,,,,,,,,,,,,,,,,,,,,,,,,,,,,,,,,,,,,,,,,,0.0,,,,,,,,4.03278689,61.0,246.0,Chub Sullivan,Chub Sullivan,1B,1B,1012685,CIN,CIN,1028,,0.0,
R,118881.0,Cal McVey,CIN,1878,28.0,28 - 28,1878,1878,61.0,271.0,276.0,83.0,67.0,10.0,4.0,2.0,43.0,28.0,5.0,,10.0,,,,,,,0.306273062,,,,,,,,,,,0.018115942,0.036231884,0.5,0.318840579,0.394833948,0.713674527,0.088560886,0.312741312,,,,,,,,,0.0615942,0.3295346757640009,10.383816618959639,47.89837904695723,11.35663952354643,-7.0,9.127135410904884,1.8827160596847534,0.36137671675533056,,-5.117283940315247,11.35663952354643,15.727867710891399,1.4175981695043447,1.4175981695043447,,0.0,,129.52178694760266,0.0,,,,,,,,,,,,,,,,,,,,,,,,,,,,,,,,,,,,,,,,,,,,,,,,,,,,,,,,,,,,,,,,,,,116.0402426614095,71.74925583918348,48.63844425787275,112.85523111684203,121.18965511698279,143.15999093554834,109.98741098743274,,,,,,,,,,,,,,,,,,,,,,,,,,,,,0.0,0.0,0.0,,,,,,,,,,,,,,,,,,,,,,,,,,,,,,,,,,,,,,,,,,,,,,,,,,,,,,,,,,,,,,,,,,,,,,,,,,,,,,,,,,,,,,,,,,,,,,,,,,,,,,,,,,,,,,,,,,,,,,,,,,,,,,,,,,,,,,,,,,,,,,,,,,,,,,,,,,,,,,,,,,,,,,,,,,,,,,,,,,,,,,,,,,,,,,,,,,,,,,,,,,,,,,,,,,,,,,,,,,,,,,,,,,,,,,,,,,,,,,,,,,,,,,,,,,,,,,,,,,,,,,,,,,,,,,,,,,,0.0,,,,,,,,4.52459016,61.0,276.0,Cal McVey,Cal McVey,C/1B,C/1B,1008696,CIN,CIN,1028,,0.0,
R,115422.0,Frank Hankinson,CHI,1878,22.0,22 - 22,1878,1878,58.0,240.0,245.0,64.0,52.0,8.0,3.0,1.0,38.0,27.0,5.0,,36.0,,,,,,,0.266666666,,,,,,,,,,,0.020408163,0.146938775,0.138888888,0.281632653,0.3375,0.619132653,0.070833334,0.310344827,,,,,,,,,0.17142857,0.2871205371253345,1.5379441539285243,34.838914425158265,-0.24318233034633985,3.0,8.101986143738031,1.7592592239379883,0.3207873029168695,,4.759259223937988,-0.24318233034633985,12.93885034024655,1.2260213740771668,1.2260213740771668,,0.0,,99.28785600850341,0.0,,,,,,,,,,,,,,,,,,,,,,,,,,,,,,,,,,,,,,,,,,,,,,,,,,,,,,,,,,,,,,,,,,,101.03423536592008,80.82773218719502,197.25370662915586,99.6852980384419,103.59167140810723,114.50313915530008,109.14459563011847,,,,,,,,,,,,,,,,,,,,,,,,,,,,,0.0,0.0,0.0,,,,,,,,,,,,,,,,,,,,,,,,,,,,,,,,,,,,,,,,,,,,,,,,,,,,,,,,,,,,,,,,,,,,,,,,,,,,,,,,,,,,,,,,,,,,,,,,,,,,,,,,,,,,,,,,,,,,,,,,,,,,,,,,,,,,,,,,,,,,,,,,,,,,,,,,,,,,,,,,,,,,,,,,,,,,,,,,,,,,,,,,,,,,,,,,,,,,,,,,,,,,,,,,,,,,,,,,,,,,,,,,,,,,,,,,,,,,,,,,,,,,,,,,,,,,,,,,,,,,,,,,,,,,,,,,,,,0.0,,,,,,,,4.01639344,61.0,245.0,Frank Hankinson,Frank Hankinson,3B,3B,1005310,CHI,CHI,17,,0.0,
R,120054.0,Jim O'Rourke,BSN,1878,27.0,27 - 27,1878,1878,60.0,255.0,260.0,71.0,46.0,17.0,7.0,1.0,44.0,29.0,5.0,,21.0,,,,,,,0.278431372,,,,,,,,,,,0.019230769,0.08076923,0.238095238,0.292307692,0.411764705,0.704072397,0.133333333,0.300429184,,,,,,,,,0.10384615,0.32167782806433165,8.272186013083218,43.611991198878044,7.563971372465847,-1.0,8.598026111721992,-2.707953929901123,0.3404273418709636,,-3.707953929901123,7.563971372465847,12.79447089615768,1.185256790938915,1.185256790938915,,0.0,,120.87268944197452,0.0,,,,,,,,,,,,,,,,,,,,,,,,,,,,,,,,,,,,,,,,,,,,,,,,,,,,,,,,,,,,,,,,,,,105.49162815836925,76.16459386794453,108.42631564801609,103.46378193564465,126.38635264538136,215.5353181955118,105.65738156533364,,,,,,,,,,,,,,,,,,,,,,,,,,,,,0.0,0.0,0.0,,,,,,,,,,,,,,,,,,,,,,,,,,,,,,,,,,,,,,,,,,,,,,,,,,,,,,,,,,,,,,,,,,,,,,,,,,,,,,,,,,,,,,,,,,,,,,,,,,,,,,,,,,,,,,,,,,,,,,,,,,,,,,,,,,,,,,,,,,,,,,,,,,,,,,,,,,,,,,,,,,,,,,,,,,,,,,,,,,,,,,,,,,,,,,,,,,,,,,,,,,,,,,,,,,,,,,,,,,,,,,,,,,,,,,,,,,,,,,,,,,,,,,,,,,,,,,,,,,,,,,,,,,,,,,,,,,,0.0,,,,,,,,4.33333333,60.0,260.0,Jim O'Rourke,Jim O'Rourke,OF,OF,1009839,BSN,BSN,16,,0.0,
R,115305.0,Bill Hague,PRO,1878,,,1878,1878,62.0,250.0,255.0,51.0,48.0,3.0,0.0,0.0,21.0,25.0,5.0,,34.0,,,,,,,0.204,,,,,,,,,,,0.019607843,0.133333333,0.147058823,0.219607843,0.216,0.435607843,0.012,0.236111111,,,,,,,,,0.15294118,0.20625122692070755,-13.639260096068332,21.020933451538138,-13.468284470553348,14.0,8.432679455727339,1.9135801792144775,0.3338806622195989,,15.913580179214478,-13.468284470553348,11.211855826608067,1.1402233648579523,1.1402233648579523,,0.0,,62.105691776598626,0.0,,,,,,,,,,,,,,,,,,,,,,,,,,,,,,,,,,,,,,,,,,,,,,,,,,,,,,,,,,,,,,,,,,,77.29119024815684,77.65801766541,178.9894747078812,77.73130369593314,66.29866970118862,19.398178686091512,83.03747796599497,,,,,,,,,,,,,,,,,,,,,,,,,,,,,0.0,0.0,0.0,,,,,,,,,,,,,,,,,,,,,,,,,,,,,,,,,,,,,,,,,,,,,,,,,,,,,,,,,,,,,,,,,,,,,,,,,,,,,,,,,,,,,,,,,,,,,,,,,,,,,,,,,,,,,,,,,,,,,,,,,,,,,,,,,,,,,,,,,,,,,,,,,,,,,,,,,,,,,,,,,,,,,,,,,,,,,,,,,,,,,,,,,,,,,,,,,,,,,,,,,,,,,,,,,,,,,,,,,,,,,,,,,,,,,,,,,,,,,,,,,,,,,,,,,,,,,,,,,,,,,,,,,,,,,,,,,,,0.0,,,,,,,,4.11290323,62.0,255.0,Bill Hague,Bill Hague,3B,3B,1005199,PRO,PRO,1064,,0.0,
R,120456.0,John Peters,MIL,1878,28.0,28 - 28,1878,1878,55.0,246.0,251.0,76.0,69.0,6.0,1.0,0.0,33.0,22.0,5.0,,8.0,,,,,,,0.308943089,,,,,,,,,,,0.019920318,0.031872509,0.625,0.322709163,0.341463414,0.664172577,0.032520325,0.319327731,,,,,,,,,0.05179283,0.3107057653100367,5.950569334762529,40.06707357181831,2.683553236859277,-2.0,8.300402130931616,1.9521604776382446,0.32864331849850714,,-0.04783952236175537,2.683553236859277,11.264759163927645,1.0359025528377417,1.0359025528377417,,0.0,,107.67075967940012,0.0,,,,,,,,,,,,,,,,,,,,,,,,,,,,,,,,,,,,,,,,,,,,,,,,,,,,,,,,,,,,,,,,,,,117.05185817525614,78.89559331664296,42.78632743345744,114.22453593614775,104.80819490660292,52.56958960664741,112.3037764488926,,,,,,,,,,,,,,,,,,,,,,,,,,,,,0.0,0.0,0.0,,,,,,,,,,,,,,,,,,,,,,,,,,,,,,,,,,,,,,,,,,,,,,,,,,,,,,,,,,,,,,,,,,,,,,,,,,,,,,,,,,,,,,,,,,,,,,,,,,,,,,,,,,,,,,,,,,,,,,,,,,,,,,,,,,,,,,,,,,,,,,,,,,,,,,,,,,,,,,,,,,,,,,,,,,,,,,,,,,,,,,,,,,,,,,,,,,,,,,,,,,,,,,,,,,,,,,,,,,,,,,,,,,,,,,,,,,,,,,,,,,,,,,,,,,,,,,,,,,,,,,,,,,,,,,,,,,,0.0,,,,,,,,4.1147541,61.0,251.0,John Peters,John Peters,SS,SS,1010232,MIL,MIL,1048,,0.0,
L,115450.0,Bill Harbidge,CHI,1878,23.0,23 - 23,1878,1878,54.0,240.0,246.0,71.0,59.0,12.0,0.0,0.0,32.0,37.0,6.0,,13.0,,,,,,,0.295833333,,,,,,,,,,,0.024390243,0.052845528,0.461538461,0.31300813,0.345833333,0.658841463,0.05,0.31277533,,,,,,,,,0.07723577,0.30771188886185,5.287743310451993,38.72463590931941,3.4993469221596802,-2.0,8.135055474936962,1.0437158346176147,0.32209663884714246,,-0.9562841653823853,3.4993469221596802,11.0002148705614,1.011254463606004,1.011254463606004,,0.0,,110.20595798170991,0.0,,,,,,,,,,,,,,,,,,,,,,,,,,,,,,,,,,,,,,,,,,,,,,,,,,,,,,,,,,,,,,,,,,,112.0848550129869,96.59899468583274,70.94094990770708,110.79080637537211,106.14949035290822,80.8257445253813,109.99937471465205,,,,,,,,,,,,,,,,,,,,,,,,,,,,,0.0,0.0,0.0,,,,,,,,,,,,,,,,,,,,,,,,,,,,,,,,,,,,,,,,,,,,,,,,,,,,,,,,,,,,,,,,,,,,,,,,,,,,,,,,,,,,,,,,,,,,,,,,,,,,,,,,,,,,,,,,,,,,,,,,,,,,,,,,,,,,,,,,,,,,,,,,,,,,,,,,,,,,,,,,,,,,,,,,,,,,,,,,,,,,,,,,,,,,,,,,,,,,,,,,,,,,,,,,,,,,,,,,,,,,,,,,,,,,,,,,,,,,,,,,,,,,,,,,,,,,,,,,,,,,,,,,,,,,,,,,,,,0.0,,,,,,,,4.03278689,61.0,246.0,Bill Harbidge,William Harbridge,C/OF,C/OF,1005338,CHI,CHI,17,,0.0,
R,116953.0,King Kelly,CIN,1878,20.0,20 - 20,1878,1878,60.0,237.0,244.0,67.0,59.0,7.0,1.0,0.0,29.0,27.0,7.0,,7.0,,,,,,,0.282700421,,,,,,,,,,,0.028688524,0.028688524,1.0,0.303278688,0.320675105,0.623953793,0.037974684,0.291304347,,,,,,,,,0.05737705,0.2927069698200851,2.5390270656572014,35.70407500924927,3.399058908842626,0.0,8.0689168125391,-2.104377031326294,0.3194779669865966,,-2.104377031326294,3.399058908842626,9.68307665704203,0.9021904590854484,0.9021904590854484,,0.0,,109.99472266935553,0.0,,,,,,,,,,,,,,,,,,,,,,,,,,,,,,,,,,,,,,,,,,,,,,,,,,,,,,,,,,,,,,,,,,,107.10907854286779,113.62258987827161,38.512078903063525,107.34702130575616,98.42746698050455,61.38664214832169,102.4482845934813,,,,,,,,,,,,,,,,,,,,,,,,,,,,,0.0,0.0,0.0,,,,,,,,,,,,,,,,,,,,,,,,,,,,,,,,,,,,,,,,,,,,,,,,,,,,,,,,,,,,,,,,,,,,,,,,,,,,,,,,,,,,,,,,,,,,,,,,,,,,,,,,,,,,,,,,,,,,,,,,,,,,,,,,,,,,,,,,,,,,,,,,,,,,,,,,,,,,,,,,,,,,,,,,,,,,,,,,,,,,,,,,,,,,,,,,,,,,,,,,,,,,,,,,,,,,,,,,,,,,,,,,,,,,,,,,,,,,,,,,,,,,,,,,,,,,,,,,,,,,,,,,,,,,,,,,,,,0.0,,,,,,,,4.0,61.0,244.0,King Kelly,King Kelly,C/OF,C/OF,1006806,CIN,CIN,1028,,0.0,
R,121063.0,Jack Remsen,CHI,1878,,,1878,1878,56.0,224.0,241.0,52.0,39.0,11.0,1.0,1.0,32.0,19.0,17.0,,33.0,,,,,,,0.232142857,,,,,,,,,,,0.070539419,0.13692946,0.515151515,0.286307053,0.303571428,0.589878481,0.071428571,0.268421052,,,,,,,,,0.21161826,0.28009526264618045,0.2615944985405956,33.01887545921965,-1.490452369664475,5.0,7.969708818942308,-2.765432119369507,0.3155499591957778,,2.234567880630493,-1.490452369664475,9.029374289104105,0.8754243788899662,0.8754243788899662,,0.0,,95.56286193649463,0.0,,,,,,,,,,,,,,,,,,,,,,,,,,,,,,,,,,,,,,,,,,,,,,,,,,,,,,,,,,,,,,,,,,,87.9539104173415,279.3755257429263,183.8169913402962,101.33982549535183,93.17769368375075,115.46534862918116,94.40050108890972,,,,,,,,,,,,,,,,,,,,,,,,,,,,,0.0,0.0,0.0,,,,,,,,,,,,,,,,,,,,,,,,,,,,,,,,,,,,,,,,,,,,,,,,,,,,,,,,,,,,,,,,,,,,,,,,,,,,,,,,,,,,,,,,,,,,,,,,,,,,,,,,,,,,,,,,,,,,,,,,,,,,,,,,,,,,,,,,,,,,,,,,,,,,,,,,,,,,,,,,,,,,,,,,,,,,,,,,,,,,,,,,,,,,,,,,,,,,,,,,,,,,,,,,,,,,,,,,,,,,,,,,,,,,,,,,,,,,,,,,,,,,,,,,,,,,,,,,,,,,,,,,,,,,,,,,,,,0.0,,,,,,,,3.95081967,61.0,241.0,Jack Remsen,Jack Remsen,OF,OF,1010827,CHI,CHI,17,,0.0,
R,114245.0,Silver Flint,IND,1878,22.0,22 - 22,1878,1878,63.0,254.0,256.0,57.0,50.0,7.0,0.0,0.0,23.0,18.0,2.0,,15.0,,,,,,,0.224409448,,,,,,,,,,,0.0078125,0.05859375,0.133333333,0.23046875,0.251968503,0.482437253,0.027559055,0.238493723,,,,,,,,,0.06640625,0.2252168064005673,-10.104631280097339,24.691484595146804,-8.15202889362273,7.0,8.46574878692627,1.172385573387146,0.3351899981498718,,8.172385573387146,-8.15202889362273,8.821295464840558,0.8696935230146877,0.8696935230146877,,0.0,,77.15308174108428,0.0,,,,,,,,,,,,,,,,,,,,,,,,,,,,,,,,,,,,,,,,,,,,,,,,,,,,,,,,,,,,,,,,,,,85.02388891594049,30.941866630154863,78.65748419913056,81.57557650922371,77.33878034953683,44.549622775818634,83.87541435371334,,,,,,,,,,,,,,,,,,,,,,,,,,,,,0.0,0.0,0.0,,,,,,,,,,,,,,,,,,,,,,,,,,,,,,,,,,,,,,,,,,,,,,,,,,,,,,,,,,,,,,,,,,,,,,,,,,,,,,,,,,,,,,,,,,,,,,,,,,,,,,,,,,,,,,,,,,,,,,,,,,,,,,,,,,,,,,,,,,,,,,,,,,,,,,,,,,,,,,,,,,,,,,,,,,,,,,,,,,,,,,,,,,,,,,,,,,,,,,,,,,,,,,,,,,,,,,,,,,,,,,,,,,,,,,,,,,,,,,,,,,,,,,,,,,,,,,,,,,,,,,,,,,,,,,,,,,,0.0,,,,,,,,4.06349206,63.0,256.0,Silver Flint,Silver Flint,C,C,1004162,IND,IND,1035,,0.0,
R,124597.0,George Wright,BSN,1878,31.0,31 - 31,1878,1878,59.0,267.0,273.0,60.0,54.0,5.0,1.0,0.0,35.0,12.0,6.0,,22.0,,,,,,,0.224719101,,,,,,,,,,,0.021978021,0.08058608,0.272727272,0.241758241,0.250936329,0.49269457,0.026217228,0.244897959,,,,,,,,,0.1025641,0.2319746637519026,-9.412214375644389,27.69458106944018,-10.155839748292628,6.0,9.027927417308092,3.6419754028320312,0.35744870896451175,,9.641975402832031,-10.155839748292628,8.871511780812007,0.8675441518802811,0.8675441518802811,,0.0,,73.30960044157617,0.0,,,,,,,,,,,,,,,,,,,,,,,,,,,,,,,,,,,,,,,,,,,,,,,,,,,,,,,,,,,,,,,,,,,85.14120974404791,87.04524730582308,108.1804512302058,85.57154879102198,77.02196663148055,42.380539449833456,86.12770821437385,,,,,,,,,,,,,,,,,,,,,,,,,,,,,0.0,0.0,0.0,,,,,,,,,,,,,,,,,,,,,,,,,,,,,,,,,,,,,,,,,,,,,,,,,,,,,,,,,,,,,,,,,,,,,,,,,,,,,,,,,,,,,,,,,,,,,,,,,,,,,,,,,,,,,,,,,,,,,,,,,,,,,,,,,,,,,,,,,,,,,,,,,,,,,,,,,,,,,,,,,,,,,,,,,,,,,,,,,,,,,,,,,,,,,,,,,,,,,,,,,,,,,,,,,,,,,,,,,,,,,,,,,,,,,,,,,,,,,,,,,,,,,,,,,,,,,,,,,,,,,,,,,,,,,,,,,,,0.0,,,,,,,,4.55,60.0,273.0,George Wright,George Wright,SS,SS,1014277,BSN,BSN,16,,0.0,
R,111993.0,Tom Carey,PRO,1878,,,1878,1878,61.0,253.0,253.0,60.0,47.0,10.0,3.0,0.0,33.0,24.0,0.0,,14.0,,,,,,,0.23715415,,,,,,,,,,,0.0,0.055335968,0.0,0.23715415,0.300395256,0.537549406,0.063241106,0.251046025,,,,,,,,,0.05533597,0.2472047511296781,-5.875046417110078,28.513302475221046,-5.705411776893251,1.0,8.366540793329477,3.765432119369507,0.331261990359053,,4.765432119369507,-5.705411776893251,7.757823126164786,0.7296390873017546,0.7296390873017546,,0.0,,83.82037856342072,0.0,,,,,,,,,,,,,,,,,,,,,,,,,,,,,,,,,,,,,,,,,,,,,,,,,,,,,,,,,,,,,,,,,,,89.85258100877415,0.0,74.28416902150134,83.94190755928913,92.20280489512963,102.23018954117116,88.28991012366258,,,,,,,,,,,,,,,,,,,,,,,,,,,,,0.0,0.0,0.0,,,,,,,,,,,,,,,,,,,,,,,,,,,,,,,,,,,,,,,,,,,,,,,,,,,,,,,,,,,,,,,,,,,,,,,,,,,,,,,,,,,,,,,,,,,,,,,,,,,,,,,,,,,,,,,,,,,,,,,,,,,,,,,,,,,,,,,,,,,,,,,,,,,,,,,,,,,,,,,,,,,,,,,,,,,,,,,,,,,,,,,,,,,,,,,,,,,,,,,,,,,,,,,,,,,,,,,,,,,,,,,,,,,,,,,,,,,,,,,,,,,,,,,,,,,,,,,,,,,,,,,,,,,,,,,,,,,0.0,,,,,,,,4.08064516,62.0,253.0,Tom Carey,Tom Carey,SS,SS,1001948,PRO,PRO,1064,,0.0,
,114679.0,Billy Geer,CIN,1878,18.0,18 - 18,1878,1878,61.0,237.0,247.0,52.0,37.0,13.0,2.0,0.0,31.0,20.0,10.0,,18.0,,,,,,,0.219409282,,,,,,,,,,,0.040485829,0.072874493,0.555555555,0.251012145,0.29113924,0.542151385,0.071729958,0.237442922,,,,,,,,,0.11336032,0.25410648565060695,-4.475876625942364,29.096938300562726,-3.605270620750561,-1.0,8.168124806135893,3.680406093597412,0.3234059747774154,,2.680406093597412,-3.605270620750561,7.566666253760159,0.698172402641359,0.698172402641359,,0.0,,89.52768253667016,0.0,,,,,,,,,,,,,,,,,,,,,,,,,,,,,,,,,,,,,,,,,,,,,,,,,,,,,,,,,,,,,,,,,,,83.12943410428184,160.34651153014477,97.82825440711937,88.84701478700197,89.36177921210687,115.95254520248659,83.5058601022654,,,,,,,,,,,,,,,,,,,,,,,,,,,,,0.0,0.0,0.0,,,,,,,,,,,,,,,,,,,,,,,,,,,,,,,,,,,,,,,,,,,,,,,,,,,,,,,,,,,,,,,,,,,,,,,,,,,,,,,,,,,,,,,,,,,,,,,,,,,,,,,,,,,,,,,,,,,,,,,,,,,,,,,,,,,,,,,,,,,,,,,,,,,,,,,,,,,,,,,,,,,,,,,,,,,,,,,,,,,,,,,,,,,,,,,,,,,,,,,,,,,,,,,,,,,,,,,,,,,,,,,,,,,,,,,,,,,,,,,,,,,,,,,,,,,,,,,,,,,,,,,,,,,,,,,,,,,0.0,,,,,,,,4.04918033,61.0,247.0,Billy Geer,Billy Geer,SS,SS,1004595,CIN,CIN,1028,,0.0,
L,113338.0,Buttercup Dickerson,CIN,1878,19.0,19 - 19,1878,1878,29.0,123.0,123.0,38.0,32.0,5.0,1.0,0.0,17.0,9.0,0.0,,7.0,,,,,,,0.308943089,,,,,,,,,,,0.0,0.056910569,0.0,0.308943089,0.365853658,0.674796747,0.056910569,0.327586206,,,,,,,,,0.05691057,0.31199214128943964,3.032948065079366,19.75139436451307,3.4664887073408712,1.0,4.067527737468481,-1.5555555820465088,0.16104831942357123,,-0.5555555820465088,3.4664887073408712,7.139509182186416,0.672029614534533,0.672029614534533,,0.0,,120.22025188023262,0.0,,,,,,,,,,,,,,,,,,,,,,,,,,,,,,,,,,,,,,,,,,,,,,,,,,,,,,,,,,,,,,,,,,,117.05185817525614,0.0,76.39794657076958,109.35196461001941,112.29449458663716,91.99678221576168,115.20818417854501,,,,,,,,,,,,,,,,,,,,,,,,,,,,,0.0,0.0,0.0,,,,,,,,,,,,,,,,,,,,,,,,,,,,,,,,,,,,,,,,,,,,,,,,,,,,,,,,,,,,,,,,,,,,,,,,,,,,,,,,,,,,,,,,,,,,,,,,,,,,,,,,,,,,,,,,,,,,,,,,,,,,,,,,,,,,,,,,,,,,,,,,,,,,,,,,,,,,,,,,,,,,,,,,,,,,,,,,,,,,,,,,,,,,,,,,,,,,,,,,,,,,,,,,,,,,,,,,,,,,,,,,,,,,,,,,,,,,,,,,,,,,,,,,,,,,,,,,,,,,,,,,,,,,,,,,,,,0.0,,,,,,,,2.01639344,61.0,123.0,Buttercup Dickerson,Buttercup Dickerson,OF,OF,1003272,CIN,CIN,1028,,0.0,
R,122501.0,Pop Snyder,BSN,1878,23.0,23 - 23,1878,1878,60.0,226.0,227.0,48.0,43.0,5.0,0.0,0.0,21.0,14.0,1.0,,19.0,,,,,,,0.21238938,,,,,,,,,,,0.004405286,0.08370044,0.052631578,0.21585903,0.234513274,0.450372304,0.022123894,0.231884057,,,,,,,,,0.08810573,0.21009588714213098,-11.496638850612362,19.357729523139277,-12.114964709920605,9.0,7.506738182157278,1.6666666269302368,0.29721925617195666,,10.666666626930237,-12.114964709920605,6.355659355338867,0.6536218100214939,0.6536218100214939,,0.0,,61.70887033259144,0.0,,,,,,,,,,,,,,,,,,,,,,,,,,,,,,,,,,,,,,,,,,,,,,,,,,,,,,,,,,,,,,,,,,,80.46974498170626,17.44739480060011,112.36123369404203,76.4043924261828,71.98110228458494,35.763604087012325,81.55087319801319,,,,,,,,,,,,,,,,,,,,,,,,,,,,,0.0,0.0,0.0,,,,,,,,,,,,,,,,,,,,,,,,,,,,,,,,,,,,,,,,,,,,,,,,,,,,,,,,,,,,,,,,,,,,,,,,,,,,,,,,,,,,,,,,,,,,,,,,,,,,,,,,,,,,,,,,,,,,,,,,,,,,,,,,,,,,,,,,,,,,,,,,,,,,,,,,,,,,,,,,,,,,,,,,,,,,,,,,,,,,,,,,,,,,,,,,,,,,,,,,,,,,,,,,,,,,,,,,,,,,,,,,,,,,,,,,,,,,,,,,,,,,,,,,,,,,,,,,,,,,,,,,,,,,,,,,,,,0.0,,,,,,,,3.78333333,60.0,227.0,Pop Snyder,Pop Snyder,C,C,1012254,BSN,BSN,16,,0.0,
R,112098.0,John Cassidy,CHI,1878,,,1878,1878,60.0,256.0,265.0,68.0,60.0,7.0,1.0,0.0,33.0,29.0,9.0,,11.0,,,,,,,0.265625,,,,,,,,,,,0.033962264,0.041509433,0.818181818,0.290566037,0.30078125,0.591347287,0.03515625,0.27755102,,,,,,,,,0.0754717,0.27852644627948975,-0.019595046339587228,35.999821777643604,-1.94611961096342,3.0,8.763372767716646,-3.612628936767578,0.34697402152232826,,-0.6126289367675781,-1.94611961096342,6.5515982415079765,0.63090908618005,0.63090908618005,,0.0,,94.73103227868786,0.0,,,,,,,,,,,,,,,,,,,,,,,,,,,,,,,,,,,,,,,,,,,,,,,,,,,,,,,,,,,,,,,,,,,100.63957063562088,134.50954792270204,55.72313719999775,102.84731436377135,92.32128123176221,56.83060161940872,97.6114025726194,,,,,,,,,,,,,,,,,,,,,,,,,,,,,0.0,0.0,0.0,,,,,,,,,,,,,,,,,,,,,,,,,,,,,,,,,,,,,,,,,,,,,,,,,,,,,,,,,,,,,,,,,,,,,,,,,,,,,,,,,,,,,,,,,,,,,,,,,,,,,,,,,,,,,,,,,,,,,,,,,,,,,,,,,,,,,,,,,,,,,,,,,,,,,,,,,,,,,,,,,,,,,,,,,,,,,,,,,,,,,,,,,,,,,,,,,,,,,,,,,,,,,,,,,,,,,,,,,,,,,,,,,,,,,,,,,,,,,,,,,,,,,,,,,,,,,,,,,,,,,,,,,,,,,,,,,,,0.0,,,,,,,,4.3442623,61.0,265.0,John Cassidy,John Cassidy,OF,OF,1002052,CHI,CHI,17,,0.0,
R,124350.0,Ned Williamson,IND,1878,20.0,20 - 20,1878,1878,63.0,250.0,255.0,58.0,45.0,10.0,2.0,1.0,31.0,19.0,5.0,,15.0,,,,,,,0.232,,,,,,,,,,,0.019607843,0.058823529,0.333333333,0.247058823,0.3,0.547058823,0.068,0.243589743,,,,,,,,,0.08235294,0.25399282165602144,-4.6422644889439795,30.01792905866249,-2.6972894555415365,-2.0,8.432679455727339,1.9444444179534912,0.3338806622195989,,-0.05555558204650879,-2.6972894555415365,6.013715080358892,0.5466529021094776,0.5466529021094776,,0.0,,92.41091779584144,0.0,,,,,,,,,,,,,,,,,,,,,,,,,,,,,,,,,,,,,,,,,,,,,,,,,,,,,,,,,,,,,,,,,,,87.89978498809994,77.65801766541,78.96594436871848,87.44771652519164,92.08148569609531,109.92301255451858,85.66762415981718,,,,,,,,,,,,,,,,,,,,,,,,,,,,,0.0,0.0,0.0,,,,,,,,,,,,,,,,,,,,,,,,,,,,,,,,,,,,,,,,,,,,,,,,,,,,,,,,,,,,,,,,,,,,,,,,,,,,,,,,,,,,,,,,,,,,,,,,,,,,,,,,,,,,,,,,,,,,,,,,,,,,,,,,,,,,,,,,,,,,,,,,,,,,,,,,,,,,,,,,,,,,,,,,,,,,,,,,,,,,,,,,,,,,,,,,,,,,,,,,,,,,,,,,,,,,,,,,,,,,,,,,,,,,,,,,,,,,,,,,,,,,,,,,,,,,,,,,,,,,,,,,,,,,,,,,,,,0.0,,,,,,,,4.04761905,63.0,255.0,Ned Williamson,Ned Williamson,3B/SS,3B/SS,1014027,IND,IND,1035,,0.0,
L,120577.0,Lip Pike,- - -,1878,33.0,33 - 33,1878,1878,36.0,167.0,172.0,52.0,45.0,5.0,2.0,0.0,32.0,15.0,5.0,,10.0,,,,,,,0.311377245,,,,,,,,,,,0.029069767,0.058139534,0.5,0.331395348,0.365269461,0.696664809,0.053892216,0.331210191,,,,,,,,,0.0872093,0.32491086527358654,5.883329211772939,29.261969565452596,6.423933922351858,-5.0,5.687924966216087,-1.4382716491818428,0.22520578000694513,,-6.438271649181843,6.423933922351858,5.898793019393048,0.515461038459567,0.515461038459567,,0.0,,126.79627962317417,0.0,,,,,,,,,,,,,,,,,,,,,,,,,,,,,,,,,,,,,,,,,,,,,,,,,,,,,,,,,,,,,,,,,,,117.97410743377812,115.13252453208898,78.04773544790596,117.29905515496242,112.11518214994543,87.11756887207494,116.48269666537357,,,,,,,,,,,,,,,,,,,,,,,,,,,,,0.0,0.0,0.0,,,,,,,,,,,,,,,,,,,,,,,,,,,,,,,,,,,,,,,,,,,,,,,,,,,,,,,,,,,,,,,,,,,,,,,,,,,,,,,,,,,,,,,,,,,,,,,,,,,,,,,,,,,,,,,,,,,,,,,,,,,,,,,,,,,,,,,,,,,,,,,,,,,,,,,,,,,,,,,,,,,,,,,,,,,,,,,,,,,,,,,,,,,,,,,,,,,,,,,,,,,,,,,,,,,,,,,,,,,,,,,,,,,,,,,,,,,,,,,,,,,,,,,,,,,,,,,,,,,,,,,,,,,,,,,,,,,0.0,,,,,,,,2.79674797,62.0,172.0,Lip Pike,Lip Pike,OF,OF,1010347,- - -,2 Tms,0,,0.0,
R,110172.0,Doug Allison,PRO,1878,,,1878,1878,19.0,76.0,77.0,22.0,20.0,2.0,0.0,0.0,9.0,7.0,1.0,,8.0,,,,,,,0.289473684,,,,,,,,,,,0.012987012,0.103896103,0.125,0.298701298,0.315789473,0.614490771,0.026315789,0.323529411,,,,,,,,,0.11688312,0.28745204055464113,0.5022181101569315,10.968237338257708,0.5538460441359659,1.0,2.546338502317667,0.5570987462997437,0.10081886663101614,,1.5570987462997437,0.5538460441359659,4.758102159384393,0.4501494444949228,0.4501494444949228,,0.0,,105.16060021131044,0.0,,,,,,,,,,,,,,,,,,,,,,,,,,,,,,,,,,,,,,,,,,,,,,,,,,,,,,,,,,,,,,,,,,,109.67532147979821,51.435826333212255,139.4723170999252,105.7268310276488,96.92787947008992,42.53986477395678,113.78145748195571,,,,,,,,,,,,,,,,,,,,,,,,,,,,,0.0,0.0,0.0,,,,,,,,,,,,,,,,,,,,,,,,,,,,,,,,,,,,,,,,,,,,,,,,,,,,,,,,,,,,,,,,,,,,,,,,,,,,,,,,,,,,,,,,,,,,,,,,,,,,,,,,,,,,,,,,,,,,,,,,,,,,,,,,,,,,,,,,,,,,,,,,,,,,,,,,,,,,,,,,,,,,,,,,,,,,,,,,,,,,,,,,,,,,,,,,,,,,,,,,,,,,,,,,,,,,,,,,,,,,,,,,,,,,,,,,,,,,,,,,,,,,,,,,,,,,,,,,,,,,,,,,,,,,,,,,,,,0.0,,,,,,,,1.24193548,62.0,77.0,Doug Allison,Doug Allison,C,C,1000168,PRO,PRO,1064,,0.0,
,123939.0,Fred Warner,IND,1878,,,1878,1878,43.0,165.0,167.0,41.0,37.0,4.0,0.0,0.0,19.0,10.0,2.0,,15.0,,,,,,,0.248484848,,,,,,,,,,,0.011976047,0.089820359,0.133333333,0.257485029,0.272727272,0.530212301,0.024242424,0.273333333,,,,,,,,,0.10179641,0.2482583012409553,-3.7479685053465888,18.951060210144707,-2.474200542294793,-1.0,5.522578310221434,2.407407522201538,0.21865910035558045,,1.407407522201538,-2.474200542294793,4.674444390483759,0.4286986534370023,0.4286986534370023,,0.0,,89.37031708830764,0.0,,,,,,,,,,,,,,,,,,,,,,,,,,,,,,,,,,,,,,,,,,,,,,,,,,,,,,,,,,,,,,,,,,,94.14553755172714,47.431839875899676,120.57674186756668,91.13812472697138,83.710441318677,39.18823937799944,96.12809206746506,,,,,,,,,,,,,,,,,,,,,,,,,,,,,0.0,0.0,0.0,,,,,,,,,,,,,,,,,,,,,,,,,,,,,,,,,,,,,,,,,,,,,,,,,,,,,,,,,,,,,,,,,,,,,,,,,,,,,,,,,,,,,,,,,,,,,,,,,,,,,,,,,,,,,,,,,,,,,,,,,,,,,,,,,,,,,,,,,,,,,,,,,,,,,,,,,,,,,,,,,,,,,,,,,,,,,,,,,,,,,,,,,,,,,,,,,,,,,,,,,,,,,,,,,,,,,,,,,,,,,,,,,,,,,,,,,,,,,,,,,,,,,,,,,,,,,,,,,,,,,,,,,,,,,,,,,,,0.0,,,,,,,,2.65079365,63.0,167.0,Fred Warner,Fred Warner,3B,3B,1013631,IND,IND,1035,,0.0,
R,118775.0,Russ McKelvy,IND,1878,23.0,23 - 23,1878,1878,63.0,253.0,258.0,57.0,48.0,4.0,3.0,2.0,33.0,36.0,5.0,,38.0,,,,,,,0.225296442,,,,,,,,,,,0.019379844,0.147286821,0.131578947,0.240310077,0.288537549,0.528847626,0.063241107,0.258215962,,,,,,,,,0.1744186,0.2457539141178131,-6.267783710847415,28.80017681967207,-4.299926618228473,2.0,8.531887449324131,-2.9225590229034424,0.3378086700104177,,-0.9225590229034424,-4.299926618228473,3.6472104782026333,0.35347369748015256,0.35347369748015256,,0.0,,88.04242204087554,0.0,,,,,,,,,,,,,,,,,,,,,,,,,,,,,,,,,,,,,,,,,,,,,,,,,,,,,,,,,,,,,,,,,,,85.35995176889625,76.75501419023448,197.7209309106803,85.05896383891934,88.56322063676633,102.23019115768605,90.81149194644716,,,,,,,,,,,,,,,,,,,,,,,,,,,,,0.0,0.0,0.0,,,,,,,,,,,,,,,,,,,,,,,,,,,,,,,,,,,,,,,,,,,,,,,,,,,,,,,,,,,,,,,,,,,,,,,,,,,,,,,,,,,,,,,,,,,,,,,,,,,,,,,,,,,,,,,,,,,,,,,,,,,,,,,,,,,,,,,,,,,,,,,,,,,,,,,,,,,,,,,,,,,,,,,,,,,,,,,,,,,,,,,,,,,,,,,,,,,,,,,,,,,,,,,,,,,,,,,,,,,,,,,,,,,,,,,,,,,,,,,,,,,,,,,,,,,,,,,,,,,,,,,,,,,,,,,,,,,0.0,,,,,,,,4.0952381,63.0,258.0,Russ McKelvy,Russ McKelvy,OF,OF,1008590,IND,IND,1035,,0.0,
L,119821.0,The Only Nolan,IND,1878,20.0,20 - 20,1878,1878,38.0,152.0,154.0,37.0,29.0,8.0,0.0,0.0,11.0,16.0,2.0,,10.0,,,,,,,0.243421052,,,,,,,,,,,0.012987012,0.064935064,0.2,0.253246753,0.296052631,0.549299384,0.052631579,0.26056338,,,,,,,,,0.07792208,0.2554432157572214,-2.638494032048088,18.293544424153467,-1.4638816589344557,0.0,5.092677004635334,-0.04811649024486542,0.20163773326203227,,-0.04811649024486542,-1.4638816589344557,3.782316588718045,0.35240554840598,0.35240554840598,,0.0,,93.1799567060047,0.0,,,,,,,,,,,,,,,,,,,,,,,,,,,,,,,,,,,,,,,,,,,,,,,,,,,,,,,,,,,,,,,,,,,92.22697470852196,51.435826333212255,87.17019768404535,89.63796555959964,90.86988702239293,85.07973116442847,91.63705102169111,,,,,,,,,,,,,,,,,,,,,,,,,,,,,0.0,0.0,0.0,,,,,,,,,,,,,,,,,,,,,,,,,,,,,,,,,,,,,,,,,,,,,,,,,,,,,,,,,,,,,,,,,,,,,,,,,,,,,,,,,,,,,,,,,,,,,,,,,,,,,,,,,,,,,,,,,,,,,,,,,,,,,,,,,,,,,,,,,,,,,,,,,,,,,,,,,,,,,,,,,,,,,,,,,,,,,,,,,,,,,,,,,,,,,,,,,,,,,,,,,,,,,,,,,,,,,,,,,,,,,,,,,,,,,,,,,,,,,,,,,,,,,,,,,,,,,,,,,,,,,,,,,,,,,,,,,,,0.0,,,,,,,,2.44444444,63.0,154.0,The Only Nolan,The Only Nolan,P,P,1009618,IND,IND,1035,,0.0,
R,123007.0,Ezra Sutton,BSN,1878,27.0,27 - 27,1878,1878,60.0,239.0,241.0,54.0,41.0,9.0,3.0,1.0,31.0,29.0,2.0,,14.0,,,,,,,0.225941422,,,,,,,,,,,0.008298755,0.058091286,0.142857142,0.232365145,0.30125523,0.533620375,0.075313808,0.236607142,,,,,,,,,0.07053942,0.24568300845712052,-5.867418902095601,26.889862058583454,-6.523879395898625,0.0,7.969708818942308,1.8827160596847534,0.3155499591957778,,1.8827160596847534,-6.523879395898625,3.6440954419242146,0.33952722426397774,0.33952722426397774,,0.0,,80.57814246303168,0.0,,,,,,,,,,,,,,,,,,,,,,,,,,,,,,,,,,,,,,,,,,,,,,,,,,,,,,,,,,,,,,,,,,,85.60432074873083,32.86770821201034,77.9829659417971,82.24681508458028,92.46676384039634,121.74589209283235,83.21192618682836,,,,,,,,,,,,,,,,,,,,,,,,,,,,,0.0,0.0,0.0,,,,,,,,,,,,,,,,,,,,,,,,,,,,,,,,,,,,,,,,,,,,,,,,,,,,,,,,,,,,,,,,,,,,,,,,,,,,,,,,,,,,,,,,,,,,,,,,,,,,,,,,,,,,,,,,,,,,,,,,,,,,,,,,,,,,,,,,,,,,,,,,,,,,,,,,,,,,,,,,,,,,,,,,,,,,,,,,,,,,,,,,,,,,,,,,,,,,,,,,,,,,,,,,,,,,,,,,,,,,,,,,,,,,,,,,,,,,,,,,,,,,,,,,,,,,,,,,,,,,,,,,,,,,,,,,,,,0.0,,,,,,,,4.01666667,60.0,241.0,Ezra Sutton,Ezra Sutton,3B,3B,1012746,BSN,BSN,16,,0.0,
L,119540.0,Tim Murnane,PRO,1878,26.0,26 - 26,1878,1878,49.0,188.0,196.0,45.0,38.0,6.0,1.0,0.0,35.0,14.0,8.0,,12.0,,,,,,,0.239361702,,,,,,,,,,,0.040816326,0.061224489,0.666666666,0.270408163,0.281914893,0.552323056,0.042553191,0.255681818,,,,,,,,,0.10204082,0.26094633097551306,-2.560960785503925,24.07981543147987,-2.429544226284565,-1.0,6.481588914990425,-0.04938271641731262,0.2566298423334956,,-1.0493827164173126,-2.429544226284565,3.2592918146220433,0.2968462270530669,0.2968462270530669,,0.0,,91.10654277204462,0.0,,,,,,,,,,,,,,,,,,,,,,,,,,,,,,,,,,,,,,,,,,,,,,,,,,,,,,,,,,,,,,,,,,,90.68897474217951,161.65546437439008,82.18904364573598,95.71233318844806,86.53047395765245,68.78786689011508,89.92026355117416,,,,,,,,,,,,,,,,,,,,,,,,,,,,,0.0,0.0,0.0,,,,,,,,,,,,,,,,,,,,,,,,,,,,,,,,,,,,,,,,,,,,,,,,,,,,,,,,,,,,,,,,,,,,,,,,,,,,,,,,,,,,,,,,,,,,,,,,,,,,,,,,,,,,,,,,,,,,,,,,,,,,,,,,,,,,,,,,,,,,,,,,,,,,,,,,,,,,,,,,,,,,,,,,,,,,,,,,,,,,,,,,,,,,,,,,,,,,,,,,,,,,,,,,,,,,,,,,,,,,,,,,,,,,,,,,,,,,,,,,,,,,,,,,,,,,,,,,,,,,,,,,,,,,,,,,,,,0.0,,,,,,,,3.16129032,62.0,196.0,Tim Murnane,Tim Murnane,1B/OF,1B/OF,1009343,PRO,PRO,1064,,0.0,
,114951.0,Jake Goodman,MIL,1878,24.0,24 - 24,1878,1878,60.0,252.0,259.0,62.0,54.0,4.0,3.0,1.0,28.0,27.0,7.0,,33.0,,,,,,,0.246031746,,,,,,,,,,,0.027027027,0.127413127,0.212121212,0.266409266,0.297619047,0.564028313,0.051587301,0.279816513,,,,,,,,,0.15830116,0.2637116027614785,-2.8548315068815406,32.34905135127562,-6.225975607905214,0.0,8.564956780523062,0.0,0.33911800594069064,,0.0,-6.225975607905214,2.678099178558538,0.24952353605740984,0.24952353605740984,,0.0,,82.75316002805138,0.0,,,,,,,,,,,,,,,,,,,,,,,,,,,,,,,,,,,,,,,,,,,,,,,,,,,,,,,,,,,,,,,,,,,93.21611023123627,107.04213309998008,171.0420654722443,94.29690342551487,91.3506800640534,83.39164022759894,98.40814959681859,,,,,,,,,,,,,,,,,,,,,,,,,,,,,0.0,0.0,0.0,,,,,,,,,,,,,,,,,,,,,,,,,,,,,,,,,,,,,,,,,,,,,,,,,,,,,,,,,,,,,,,,,,,,,,,,,,,,,,,,,,,,,,,,,,,,,,,,,,,,,,,,,,,,,,,,,,,,,,,,,,,,,,,,,,,,,,,,,,,,,,,,,,,,,,,,,,,,,,,,,,,,,,,,,,,,,,,,,,,,,,,,,,,,,,,,,,,,,,,,,,,,,,,,,,,,,,,,,,,,,,,,,,,,,,,,,,,,,,,,,,,,,,,,,,,,,,,,,,,,,,,,,,,,,,,,,,,0.0,,,,,,,,4.24590164,61.0,259.0,Jake Goodman,Jake Goodman,1B,1B,1004858,MIL,MIL,1048,,0.0,
R,110865.0,Charlie Bennett,MIL,1878,23.0,23 - 23,1878,1878,49.0,184.0,194.0,45.0,35.0,9.0,0.0,1.0,16.0,12.0,10.0,,26.0,,,,,,,0.244565217,,,,,,,,,,,0.051546391,0.134020618,0.384615384,0.283505154,0.309782608,0.593287762,0.065217391,0.280254777,,,,,,,,,0.19072165,0.27980263730914323,0.16862407748333966,26.53755563919179,-2.3564799981869027,-2.0,6.415450252592564,0.03849605843424797,0.25401117047294974,,-1.961503941565752,-2.3564799981869027,2.351477483312859,0.20543533914036835,0.20543533914036835,,0.0,,91.28506984600882,0.0,,,,,,,,,,,,,,,,,,,,,,,,,,,,,,,,,,,,,,,,,,,,,,,,,,,,,,,,,,,,,,,,,,,92.66047409425865,204.1525191152403,179.9121005686223,100.34807921198102,95.08414262483701,105.42488367155802,98.56228184874507,,,,,,,,,,,,,,,,,,,,,,,,,,,,,0.0,0.0,0.0,,,,,,,,,,,,,,,,,,,,,,,,,,,,,,,,,,,,,,,,,,,,,,,,,,,,,,,,,,,,,,,,,,,,,,,,,,,,,,,,,,,,,,,,,,,,,,,,,,,,,,,,,,,,,,,,,,,,,,,,,,,,,,,,,,,,,,,,,,,,,,,,,,,,,,,,,,,,,,,,,,,,,,,,,,,,,,,,,,,,,,,,,,,,,,,,,,,,,,,,,,,,,,,,,,,,,,,,,,,,,,,,,,,,,,,,,,,,,,,,,,,,,,,,,,,,,,,,,,,,,,,,,,,,,,,,,,,0.0,,,,,,,,3.18032787,61.0,194.0,Charlie Bennett,Charlie Bennett,C,C,1000836,MIL,MIL,1048,,0.0,
L,115364.0,Jimmy Hallinan,- - -,1878,29.0,29 - 29,1878,1878,19.0,79.0,84.0,22.0,17.0,5.0,0.0,0.0,14.0,3.0,5.0,,8.0,,,,,,,0.278481012,,,,,,,,,,,0.059523809,0.095238095,0.625,0.321428571,0.341772151,0.663200722,0.063291139,0.309859154,,,,,,,,,0.1547619,0.3125871533439273,2.108218931767311,13.525694453331795,1.6763140793770213,-2.0,2.777823820710182,-0.7592592686414719,0.10998421814292669,,-2.759259268641472,1.6763140793770213,1.804862849588658,0.1545062259247029,0.1545062259247029,,0.0,,114.31785597615345,0.0,,,,,,,,,,,,,,,,,,,,,,,,,,,,,,,,,,,,,,,,,,,,,,,,,,,,,,,,,,,,,,,,,,,105.51043575326857,235.747553768586,127.84962459956925,113.77126398921588,104.90295810821544,102.3110683032925,108.97379026936167,,,,,,,,,,,,,,,,,,,,,,,,,,,,,0.0,0.0,0.0,,,,,,,,,,,,,,,,,,,,,,,,,,,,,,,,,,,,,,,,,,,,,,,,,,,,,,,,,,,,,,,,,,,,,,,,,,,,,,,,,,,,,,,,,,,,,,,,,,,,,,,,,,,,,,,,,,,,,,,,,,,,,,,,,,,,,,,,,,,,,,,,,,,,,,,,,,,,,,,,,,,,,,,,,,,,,,,,,,,,,,,,,,,,,,,,,,,,,,,,,,,,,,,,,,,,,,,,,,,,,,,,,,,,,,,,,,,,,,,,,,,,,,,,,,,,,,,,,,,,,,,,,,,,,,,,,,,0.0,,,,,,,,1.35483871,62.0,84.0,Jimmy Hallinan,Jimmy Hallinan,SS,SS,1005248,- - -,2 Tms,0,,0.0,
R,119765.0,Tricky Nichols,PRO,1878,27.0,27 - 27,1878,1878,11.0,49.0,51.0,9.0,7.0,2.0,0.0,0.0,2.0,2.0,2.0,,10.0,,,,,,,0.183673469,,,,,,,,,,,0.039215686,0.196078431,0.2,0.215686274,0.224489795,0.440176069,0.040816326,0.23076923,,,,,,,,,0.23529412,0.20961098460590138,-2.6012214560652085,4.330817253456085,-2.5670263309622117,0.0,1.6865358911454678,2.248415470123291,0.06677613244391978,,2.248415470123291,-2.5670263309622117,1.4347011627504669,0.1336738049812851,0.1336738049812851,,0.0,,63.88712786110591,0.0,,,,,,,,,,,,,,,,,,,,,,,,,,,,,,,,,,,,,,,,,,,,,,,,,,,,,,,,,,,,,,,,,,,69.58990703930363,155.31603533082,263.21981590481596,76.34324456862976,68.90451282403956,65.98019875481356,81.15880176157665,,,,,,,,,,,,,,,,,,,,,,,,,,,,,0.0,0.0,0.0,,,,,,,,,,,,,,,,,,,,,,,,,,,,,,,,,,,,,,,,,,,,,,,,,,,,,,,,,,,,,,,,,,,,,,,,,,,,,,,,,,,,,,,,,,,,,,,,,,,,,,,,,,,,,,,,,,,,,,,,,,,,,,,,,,,,,,,,,,,,,,,,,,,,,,,,,,,,,,,,,,,,,,,,,,,,,,,,,,,,,,,,,,,,,,,,,,,,,,,,,,,,,,,,,,,,,,,,,,,,,,,,,,,,,,,,,,,,,,,,,,,,,,,,,,,,,,,,,,,,,,,,,,,,,,,,,,,0.0,,,,,,,,0.82258065,62.0,51.0,Tricky Nichols,Tricky Nichols,P,P,1009572,PRO,PRO,1064,,0.0,
L,123921.0,John Ward,PRO,1878,18.0,18 - 18,1878,1878,37.0,138.0,140.0,27.0,17.0,5.0,4.0,1.0,14.0,15.0,2.0,,13.0,,,,,,,0.195652173,,,,,,,,,,,0.014285714,0.092857142,0.153846153,0.207142857,0.311594202,0.518737059,0.115942029,0.209677419,,,,,,,,,0.11428571,0.23629165504659924,-4.380124261742197,14.649001607531943,-4.2862552908712255,0.0,4.629706367850304,0.0,0.18330703023821115,,0.0,-4.2862552908712255,0.5267581072172893,0.04907904330507721,0.04907904330507721,,0.0,,78.03395436926932,0.0,,,,,,,,,,,,,,,,,,,,,,,,,,,,,,,,,,,,,,,,,,,,,,,,,,,,,,,,,,,,,,,,,,,74.12837904807988,56.57941213498062,124.65338333254697,73.31925902988013,95.64019018149745,187.422016314167,73.74106193663708,,,,,,,,,,,,,,,,,,,,,,,,,,,,,0.0,0.0,0.0,,,,,,,,,,,,,,,,,,,,,,,,,,,,,,,,,,,,,,,,,,,,,,,,,,,,,,,,,,,,,,,,,,,,,,,,,,,,,,,,,,,,,,,,,,,,,,,,,,,,,,,,,,,,,,,,,,,,,,,,,,,,,,,,,,,,,,,,,,,,,,,,,,,,,,,,,,,,,,,,,,,,,,,,,,,,,,,,,,,,,,,,,,,,,,,,,,,,,,,,,,,,,,,,,,,,,,,,,,,,,,,,,,,,,,,,,,,,,,,,,,,,,,,,,,,,,,,,,,,,,,,,,,,,,,,,,,,0.0,,,,,,,,2.25806452,62.0,140.0,John Ward,John Ward,2B/SS,2B/SS,1013615,PRO,PRO,1064,,0.0,
L,119201.0,Bobby Mitchell,CIN,1878,22.0,22 - 22,1878,1878,13.0,49.0,50.0,12.0,12.0,0.0,0.0,0.0,4.0,8.0,1.0,,4.0,,,,,,,0.244897959,,,,,,,,,,,0.02,0.08,0.25,0.26,0.244897959,0.504897959,0.0,0.266666666,,,,,,,,,0.1,0.23920671820640563,-1.4566145494106673,5.339501832472954,-1.280378515971031,0.0,1.653466559946537,0.012345679104328156,0.06546679651364684,,0.012345679104328156,-1.280378515971031,0.450900519593481,0.04201124923224327,0.04201124923224327,,0.0,,81.62741535584347,0.0,,,,,,,,,,,,,,,,,,,,,,,,,,,,,,,,,,,,,,,,,,,,,,,,,,,,,,,,,,,,,,,,,,,92.78654284536428,79.21117857319645,107.39368509321292,92.02831139752425,75.16855969553812,0.0,93.78350433597485,,,,,,,,,,,,,,,,,,,,,,,,,,,,,0.0,0.0,0.0,,,,,,,,,,,,,,,,,,,,,,,,,,,,,,,,,,,,,,,,,,,,,,,,,,,,,,,,,,,,,,,,,,,,,,,,,,,,,,,,,,,,,,,,,,,,,,,,,,,,,,,,,,,,,,,,,,,,,,,,,,,,,,,,,,,,,,,,,,,,,,,,,,,,,,,,,,,,,,,,,,,,,,,,,,,,,,,,,,,,,,,,,,,,,,,,,,,,,,,,,,,,,,,,,,,,,,,,,,,,,,,,,,,,,,,,,,,,,,,,,,,,,,,,,,,,,,,,,,,,,,,,,,,,,,,,,,,0.0,,,,,,,,0.81967213,61.0,50.0,Bobby Mitchell,Bobby Mitchell,P,P,1008994,CIN,CIN,1028,,0.0,
R,114285.0,Will Foley,MIL,1878,22.0,22 - 22,1878,1878,56.0,229.0,236.0,62.0,49.0,8.0,5.0,0.0,33.0,22.0,7.0,,14.0,,,,,,,0.270742358,,,,,,,,,,,0.029661016,0.059322033,0.5,0.292372881,0.349344978,0.641717859,0.07860262,0.288372093,,,,,,,,,0.08898305,0.2975880518808203,3.307091812008568,35.384761134499264,0.23531571995610845,-9.0,7.804362162947655,1.7283949851989746,0.3090032795444131,,-7.271605014801025,0.23531571995610845,1.0770761476471513,0.03890013245666524,0.03890013245666524,,0.0,,100.71538663210742,0.0,,,,,,,,,,,,,,,,,,,,,,,,,,,,,,,,,,,,,,,,,,,,,,,,,,,,,,,,,,,,,,,,,,,102.57842696280682,117.47420175192185,79.63514663863982,103.48685591099729,107.22734864903242,127.06230566291252,101.41704563194128,,,,,,,,,,,,,,,,,,,,,,,,,,,,,0.0,0.0,0.0,,,,,,,,,,,,,,,,,,,,,,,,,,,,,,,,,,,,,,,,,,,,,,,,,,,,,,,,,,,,,,,,,,,,,,,,,,,,,,,,,,,,,,,,,,,,,,,,,,,,,,,,,,,,,,,,,,,,,,,,,,,,,,,,,,,,,,,,,,,,,,,,,,,,,,,,,,,,,,,,,,,,,,,,,,,,,,,,,,,,,,,,,,,,,,,,,,,,,,,,,,,,,,,,,,,,,,,,,,,,,,,,,,,,,,,,,,,,,,,,,,,,,,,,,,,,,,,,,,,,,,,,,,,,,,,,,,,0.0,,,,,,,,3.86885246,61.0,236.0,Will Foley,Will Foley,3B,3B,1004201,MIL,MIL,1048,,0.0,
B,118575.0,Bill McClellan,CHI,1878,22.0,22 - 22,1878,1878,48.0,205.0,207.0,46.0,39.0,6.0,1.0,0.0,26.0,29.0,2.0,,13.0,,,,,,,0.224390243,,,,,,,,,,,0.009661835,0.062801932,0.153846153,0.231884057,0.263414634,0.495298691,0.039024391,0.239583333,,,,,,,,,0.07246377,0.23054635380777183,-7.3552348677137696,20.780686953284423,-8.860104999325593,1.0,6.845351558178663,1.0246913433074951,0.2710325375664979,,2.024691343307495,-8.860104999325593,0.2809704397270636,0.03300666388849871,0.03300666388849871,,0.0,,69.29066542015262,0.0,,,,,,,,,,,,,,,,,,,,,,,,,,,,,,,,,,,,,,,,,,,,,,,,,,,,,,,,,,,,,,,,,,,85.01661255658404,38.266266876487975,84.30663635566715,82.076531560451,80.85203617604392,63.08350914449178,84.25861727026957,,,,,,,,,,,,,,,,,,,,,,,,,,,,,0.0,0.0,0.0,,,,,,,,,,,,,,,,,,,,,,,,,,,,,,,,,,,,,,,,,,,,,,,,,,,,,,,,,,,,,,,,,,,,,,,,,,,,,,,,,,,,,,,,,,,,,,,,,,,,,,,,,,,,,,,,,,,,,,,,,,,,,,,,,,,,,,,,,,,,,,,,,,,,,,,,,,,,,,,,,,,,,,,,,,,,,,,,,,,,,,,,,,,,,,,,,,,,,,,,,,,,,,,,,,,,,,,,,,,,,,,,,,,,,,,,,,,,,,,,,,,,,,,,,,,,,,,,,,,,,,,,,,,,,,,,,,,0.0,,,,,,,,3.39344262,61.0,207.0,Bill McClellan,Bill McClellan,2B/SS,2B/SS,1008391,CHI,CHI,17,,0.0,
R,122558.0,Al Spalding,CHI,1878,27.0,27 - 27,1878,1878,1.0,4.0,4.0,2.0,2.0,0.0,0.0,0.0,0.0,0.0,0.0,,0.0,,,,,,,0.5,,,,,,,,,,,0.0,0.0,0.0,0.5,0.5,1.0,0.0,0.5,,,,,,,,,0.0,0.46807965636253357,0.5600441164071963,1.103733426957886,0.5309645003374026,-1.0,0.13227732479572296,0.018518518656492233,0.005237343721091747,,-0.9814814813435078,0.5309645003374026,-0.31300231248929045,-0.03599113370282202,-0.03599113370282202,,0.0,,195.2373663706483,0.0,,,,,,,,,,,,,,,,,,,,,,,,,,,,,,,,,,,,,,,,,,,,,,,,,,,,,,,,,,,,,,,,,,,189.43919178469812,0.0,0.0,176.97752191831586,153.4691428268255,0.0,175.844071069563,,,,,,,,,,,,,,,,,,,,,,,,,,,,,0.0,0.0,0.0,,,,,,,,,,,,,,,,,,,,,,,,,,,,,,,,,,,,,,,,,,,,,,,,,,,,,,,,,,,,,,,,,,,,,,,,,,,,,,,,,,,,,,,,,,,,,,,,,,,,,,,,,,,,,,,,,,,,,,,,,,,,,,,,,,,,,,,,,,,,,,,,,,,,,,,,,,,,,,,,,,,,,,,,,,,,,,,,,,,,,,,,,,,,,,,,,,,,,,,,,,,,,,,,,,,,,,,,,,,,,,,,,,,,,,,,,,,,,,,,,,,,,,,,,,,,,,,,,,,,,,,,,,,,,,,,,,,0.0,,,,,,,,0.06557377,61.0,4.0,Al Spalding,Al Spalding,P,P,1012300,CHI,CHI,17,,0.0,
R,112684.0,Fred Corey,PRO,1878,,,1878,1878,7.0,21.0,21.0,3.0,3.0,0.0,0.0,0.0,3.0,1.0,0.0,,2.0,,,,,,,0.142857142,,,,,,,,,,,0.0,0.095238095,0.0,0.142857142,0.142857142,0.285714284,0.0,0.157894736,,,,,,,,,0.0952381,0.1337370446750096,-2.248622155165252,0.605746725225869,-2.234541809534606,1.0,0.6944559551775455,0.032407406717538834,0.027496054535731673,,1.0324074067175388,-2.234541809534606,-0.4801823931037901,-0.037911376731003164,-0.037911376731003164,,0.0,,23.656674616728466,0.0,,,,,,,,,,,,,,,,,,,,,,,,,,,,,,,,,,,,,,,,,,,,,,,,,,,,,,,,,,,,,,,,,,,54.12548304230371,0.0,127.8496247913437,50.56500595898592,43.84832625886019,0.0,55.529706357387774,,,,,,,,,,,,,,,,,,,,,,,,,,,,,0.0,0.0,0.0,,,,,,,,,,,,,,,,,,,,,,,,,,,,,,,,,,,,,,,,,,,,,,,,,,,,,,,,,,,,,,,,,,,,,,,,,,,,,,,,,,,,,,,,,,,,,,,,,,,,,,,,,,,,,,,,,,,,,,,,,,,,,,,,,,,,,,,,,,,,,,,,,,,,,,,,,,,,,,,,,,,,,,,,,,,,,,,,,,,,,,,,,,,,,,,,,,,,,,,,,,,,,,,,,,,,,,,,,,,,,,,,,,,,,,,,,,,,,,,,,,,,,,,,,,,,,,,,,,,,,,,,,,,,,,,,,,,0.0,,,,,,,,0.33870968,62.0,21.0,Fred Corey,Fred Corey,3B,3B,1002625,PRO,PRO,1064,,0.0,
,122971.0,Bill Sullivan,CHI,1878,24.0,24 - 24,1878,1878,2.0,6.0,6.0,1.0,1.0,0.0,0.0,0.0,1.0,0.0,0.0,,0.0,,,,,,,0.166666666,,,,,,,,,,,0.0,0.0,0.0,0.166666666,0.166666666,0.333333332,0.0,0.166666666,,,,,,,,,0.0,0.1560265521208445,-0.5436281630700143,0.2719058027560203,-0.5872475871747048,0.0,0.19841598719358444,-0.12345679104328156,0.007856015581637621,,-0.12345679104328156,-0.5872475871747048,-0.5044323754427643,-0.04699891289689451,-0.04699891289689451,,0.0,,29.77821357862648,0.0,,,,,,,,,,,,,,,,,,,,,,,,,,,,,,,,,,,,,,,,,,,,,,,,,,,,,,,,,,,,,,,,,,,63.14639700898045,0.0,0.0,58.99250707013526,51.15638073764964,0.0,58.61469012206224,,,,,,,,,,,,,,,,,,,,,,,,,,,,,0.0,0.0,0.0,,,,,,,,,,,,,,,,,,,,,,,,,,,,,,,,,,,,,,,,,,,,,,,,,,,,,,,,,,,,,,,,,,,,,,,,,,,,,,,,,,,,,,,,,,,,,,,,,,,,,,,,,,,,,,,,,,,,,,,,,,,,,,,,,,,,,,,,,,,,,,,,,,,,,,,,,,,,,,,,,,,,,,,,,,,,,,,,,,,,,,,,,,,,,,,,,,,,,,,,,,,,,,,,,,,,,,,,,,,,,,,,,,,,,,,,,,,,,,,,,,,,,,,,,,,,,,,,,,,,,,,,,,,,,,,,,,,0.0,,,,,,,,0.09836066,61.0,6.0,Bill Sullivan,Bill Sullivan,OF,OF,1012681,CHI,CHI,17,,0.0,
R,114181.0,Cherokee Fisher,PRO,1878,,,1878,1878,1.0,3.0,3.0,0.0,0.0,0.0,0.0,0.0,0.0,0.0,0.0,,0.0,,,,,,,0.0,,,,,,,,,,,0.0,0.0,0.0,0.0,0.0,0.0,0.0,0.0,,,,,,,,,0.0,0.0,-0.6177376659552093,-0.20997068304219205,-0.6157261880079742,0.0,0.09920799359679222,0.0,0.0039280077908188105,,0.0,-0.6157261880079742,-0.5125901866203632,-0.04775899150332564,-0.04775899150332564,,0.0,,-47.2543908655666,0.0,,,,,,,,,,,,,,,,,,,,,,,,,,,,,,,,,,,,,,,,,,,,,,,,,,,,,,,,,,,,,,,,,,,0.0,0.0,0.0,0.0,0.0,0.0,0.0,,,,,,,,,,,,,,,,,,,,,,,,,,,,,0.0,0.0,0.0,,,,,,,,,,,,,,,,,,,,,,,,,,,,,,,,,,,,,,,,,,,,,,,,,,,,,,,,,,,,,,,,,,,,,,,,,,,,,,,,,,,,,,,,,,,,,,,,,,,,,,,,,,,,,,,,,,,,,,,,,,,,,,,,,,,,,,,,,,,,,,,,,,,,,,,,,,,,,,,,,,,,,,,,,,,,,,,,,,,,,,,,,,,,,,,,,,,,,,,,,,,,,,,,,,,,,,,,,,,,,,,,,,,,,,,,,,,,,,,,,,,,,,,,,,,,,,,,,,,,,,,,,,,,,,,,,,,0.0,,,,,,,,0.0483871,62.0,3.0,Cherokee Fisher,Cherokee Fisher,P/OF,P/OF,1004078,PRO,PRO,1064,,0.0,
R,120737.0,Phil Powers,CHI,1878,23.0,23 - 23,1878,1878,8.0,31.0,32.0,5.0,3.0,1.0,1.0,0.0,2.0,2.0,1.0,,5.0,,,,,,,0.161290322,,,,,,,,,,,0.03125,0.15625,0.2,0.1875,0.258064516,0.445564516,0.096774194,0.192307692,,,,,,,,,0.1875,0.20576387643814087,-1.7231187117755373,2.62639577262998,-1.955755640333887,0.0,1.0582185983657837,0.2469135820865631,0.04189874976873398,,0.2469135820865631,-1.955755640333887,-0.6087247101128062,-0.0567160258174692,-0.0567160258174692,,0.0,,56.150313172636714,0.0,,,,,,,,,,,,,,,,,,,,,,,,,,,,,,,,,,,,,,,,,,,,,,,,,,,,,,,,,,,,,,,,,,,61.109416484747435,123.76746652061945,209.7532911976815,66.36657071936844,79.2098801290792,156.43692561787373,67.63233491854326,,,,,,,,,,,,,,,,,,,,,,,,,,,,,0.0,0.0,0.0,,,,,,,,,,,,,,,,,,,,,,,,,,,,,,,,,,,,,,,,,,,,,,,,,,,,,,,,,,,,,,,,,,,,,,,,,,,,,,,,,,,,,,,,,,,,,,,,,,,,,,,,,,,,,,,,,,,,,,,,,,,,,,,,,,,,,,,,,,,,,,,,,,,,,,,,,,,,,,,,,,,,,,,,,,,,,,,,,,,,,,,,,,,,,,,,,,,,,,,,,,,,,,,,,,,,,,,,,,,,,,,,,,,,,,,,,,,,,,,,,,,,,,,,,,,,,,,,,,,,,,,,,,,,,,,,,,,0.0,,,,,,,,0.52459016,61.0,32.0,Phil Powers,Phil Powers,C,C,1010503,CHI,CHI,17,,0.0,
R,121761.0,Harry Schafer,BSN,1878,31.0,31 - 31,1878,1878,2.0,8.0,8.0,1.0,1.0,0.0,0.0,0.0,0.0,0.0,0.0,,1.0,,,,,,,0.125,,,,,,,,,,,0.0,0.125,0.0,0.125,0.125,0.25,0.0,0.142857142,,,,,,,,,0.125,0.11701991409063339,-0.9554532737068204,0.13192534739455897,-0.9772444934181241,0.0,0.2645546495914459,-0.12345679104328156,0.010474687442183495,,-0.12345679104328156,-0.9772444934181241,-0.8256719474277763,-0.07692940784085424,-0.07692940784085424,,0.0,,12.357425219370764,0.0,,,,,,,,,,,,,,,,,,,,,,,,,,,,,,,,,,,,,,,,,,,,,,,,,,,,,,,,,,,,,,,,,,,47.35979794617453,0.0,167.80263295814518,44.244380479578965,38.367285706706376,0.0,50.241162861285304,,,,,,,,,,,,,,,,,,,,,,,,,,,,,0.0,0.0,0.0,,,,,,,,,,,,,,,,,,,,,,,,,,,,,,,,,,,,,,,,,,,,,,,,,,,,,,,,,,,,,,,,,,,,,,,,,,,,,,,,,,,,,,,,,,,,,,,,,,,,,,,,,,,,,,,,,,,,,,,,,,,,,,,,,,,,,,,,,,,,,,,,,,,,,,,,,,,,,,,,,,,,,,,,,,,,,,,,,,,,,,,,,,,,,,,,,,,,,,,,,,,,,,,,,,,,,,,,,,,,,,,,,,,,,,,,,,,,,,,,,,,,,,,,,,,,,,,,,,,,,,,,,,,,,,,,,,,0.0,,,,,,,,0.13333333,60.0,8.0,Harry Schafer,Harry Schafer,3B,3B,1011510,BSN,BSN,16,,0.0,
B,124194.0,Will White,CIN,1878,23.0,23 - 23,1878,1878,52.0,197.0,205.0,28.0,26.0,1.0,1.0,0.0,15.0,9.0,8.0,,41.0,,,,,,,0.142131979,,,,,,,,,,,0.03902439,0.2,0.195121951,0.175609756,0.157360406,0.332970162,0.015228427,0.179487179,,,,,,,,,0.23902439,0.16195647483918724,-17.675575565557526,10.188501600165322,-16.953007828455018,0.0,6.779212895780802,9.037748336791992,0.26841386570595205,,9.037748336791992,-16.953007828455018,-0.8676327301762718,-0.08083897286778374,-0.08083897286778374,,0.0,,40.667208112983225,0.0,,,,,,,,,,,,,,,,,,,,,,,,,,,,,,,,,,,,,,,,,,,,,,,,,,,,,,,,,,,,,,,,,,,53.85073445703937,154.55839625000309,268.48421273303234,62.1579588831202,48.29993324740251,24.616979004508373,63.12351252030275,,,,,,,,,,,,,,,,,,,,,,,,,,,,,0.0,0.0,0.0,,,,,,,,,,,,,,,,,,,,,,,,,,,,,,,,,,,,,,,,,,,,,,,,,,,,,,,,,,,,,,,,,,,,,,,,,,,,,,,,,,,,,,,,,,,,,,,,,,,,,,,,,,,,,,,,,,,,,,,,,,,,,,,,,,,,,,,,,,,,,,,,,,,,,,,,,,,,,,,,,,,,,,,,,,,,,,,,,,,,,,,,,,,,,,,,,,,,,,,,,,,,,,,,,,,,,,,,,,,,,,,,,,,,,,,,,,,,,,,,,,,,,,,,,,,,,,,,,,,,,,,,,,,,,,,,,,,0.0,,,,,,,,3.36065574,61.0,205.0,Will White,Will White,P,P,1013897,CIN,CIN,1028,,0.0,
R,124143.0,Harry Wheeler,PRO,1878,20.0,20 - 20,1878,1878,7.0,27.0,29.0,4.0,4.0,0.0,0.0,0.0,7.0,1.0,2.0,,15.0,,,,,,,0.148148148,,,,,,,,,,,0.068965517,0.517241379,0.133333333,0.206896551,0.148148148,0.355044699,0.0,0.333333333,,,,,,,,,0.5862069,0.1792236402116973,-2.1303810480228007,1.8113664534696996,-2.110936761199528,0.0,0.9590106047689915,0.0,0.03797074197791517,,0.0,-2.110936761199528,-1.1139554144526214,-0.10378932051878821,-0.10378932051878821,,0.0,,47.77492070558836,0.0,,,,,,,,,,,,,,,,,,,,,,,,,,,,,,,,,,,,,,,,,,,,,,,,,,,,,,,,,,,,,,,,,,,56.130130843039694,273.14199412399074,694.355722168815,73.23207777885291,45.47233856988337,0.0,117.22938059581263,,,,,,,,,,,,,,,,,,,,,,,,,,,,,0.0,0.0,0.0,,,,,,,,,,,,,,,,,,,,,,,,,,,,,,,,,,,,,,,,,,,,,,,,,,,,,,,,,,,,,,,,,,,,,,,,,,,,,,,,,,,,,,,,,,,,,,,,,,,,,,,,,,,,,,,,,,,,,,,,,,,,,,,,,,,,,,,,,,,,,,,,,,,,,,,,,,,,,,,,,,,,,,,,,,,,,,,,,,,,,,,,,,,,,,,,,,,,,,,,,,,,,,,,,,,,,,,,,,,,,,,,,,,,,,,,,,,,,,,,,,,,,,,,,,,,,,,,,,,,,,,,,,,,,,,,,,,0.0,,,,,,,,0.46774194,62.0,29.0,Harry Wheeler,Harry Wheeler,OF,OF,1013837,PRO,PRO,1064,,0.0,
B,121047.0,Laurie Reis,CHI,1878,19.0,19 - 19,1878,1878,5.0,20.0,21.0,3.0,3.0,0.0,0.0,0.0,2.0,0.0,1.0,,6.0,,,,,,,0.15,,,,,,,,,,,0.047619047,0.285714285,0.166666666,0.19047619,0.15,0.34047619,0.0,0.214285714,,,,,,,,,0.33333333,0.168328671228318,-1.7117749647406162,1.1425939156505047,-1.8644429491070331,0.0,0.6944559551775455,-0.06172839552164078,0.027496054535731673,,-0.06172839552164078,-1.8644429491070331,-1.2042193349153967,-0.11219937971024775,-0.11219937971024775,,0.0,,36.30113604727331,0.0,,,,,,,,,,,,,,,,,,,,,,,,,,,,,,,,,,,,,,,,,,,,,,,,,,,,,,,,,,,,,,,,,,,56.831757535409444,188.59804177012168,383.54887437403113,67.42000818128459,46.04074284804766,0.0,75.3617446436161,,,,,,,,,,,,,,,,,,,,,,,,,,,,,0.0,0.0,0.0,,,,,,,,,,,,,,,,,,,,,,,,,,,,,,,,,,,,,,,,,,,,,,,,,,,,,,,,,,,,,,,,,,,,,,,,,,,,,,,,,,,,,,,,,,,,,,,,,,,,,,,,,,,,,,,,,,,,,,,,,,,,,,,,,,,,,,,,,,,,,,,,,,,,,,,,,,,,,,,,,,,,,,,,,,,,,,,,,,,,,,,,,,,,,,,,,,,,,,,,,,,,,,,,,,,,,,,,,,,,,,,,,,,,,,,,,,,,,,,,,,,,,,,,,,,,,,,,,,,,,,,,,,,,,,,,,,,0.0,,,,,,,,0.3442623,61.0,21.0,Laurie Reis,Laurie Reis,P,P,1010818,CHI,CHI,17,,0.0,
,111103.0,Frank Bliss,MIL,1878,25.0,25 - 25,1878,1878,2.0,8.0,8.0,1.0,1.0,0.0,0.0,0.0,1.0,0.0,0.0,,0.0,,,,,,,0.125,,,,,,,,,,,0.0,0.0,0.0,0.125,0.125,0.25,0.0,0.125,,,,,,,,,0.0,0.11701991409063339,-0.9554532737068204,0.13192534739455897,-1.0595812768272428,-1.0,0.2645546495914459,0.06172839552164078,0.010474687442183495,,-0.9382716044783592,-1.0595812768272428,-1.7228235442719724,-0.16734682873446463,-0.16734682873446463,,0.0,,4.973185404531894,0.0,,,,,,,,,,,,,,,,,,,,,,,,,,,,,,,,,,,,,,,,,,,,,,,,,,,,,,,,,,,,,,,,,,,47.35979794617453,0.0,0.0,44.244380479578965,38.367285706706376,0.0,43.96101776739075,,,,,,,,,,,,,,,,,,,,,,,,,,,,,0.0,0.0,0.0,,,,,,,,,,,,,,,,,,,,,,,,,,,,,,,,,,,,,,,,,,,,,,,,,,,,,,,,,,,,,,,,,,,,,,,,,,,,,,,,,,,,,,,,,,,,,,,,,,,,,,,,,,,,,,,,,,,,,,,,,,,,,,,,,,,,,,,,,,,,,,,,,,,,,,,,,,,,,,,,,,,,,,,,,,,,,,,,,,,,,,,,,,,,,,,,,,,,,,,,,,,,,,,,,,,,,,,,,,,,,,,,,,,,,,,,,,,,,,,,,,,,,,,,,,,,,,,,,,,,,,,,,,,,,,,,,,,0.0,,,,,,,,0.13114754,61.0,8.0,Frank Bliss,Frank Bliss,C/3B,C/3B,1001075,MIL,MIL,1048,,0.0,
R,112809.0,George Creamer,MIL,1878,,,1878,1878,50.0,193.0,198.0,41.0,31.0,7.0,3.0,0.0,30.0,15.0,5.0,,15.0,,,,,,,0.212435233,,,,,,,,,,,0.025252525,0.075757575,0.333333333,0.232323232,0.279792746,0.512115978,0.067357513,0.230337078,,,,,,,,,0.1010101,0.2382327209819447,-5.910716077583065,21.001904794676076,-8.487884154813518,0.0,6.547727577388287,-0.3086419999599457,0.2592485141940415,,-0.3086419999599457,-8.487884154813518,-1.9895500631911354,-0.1853701203096963,-0.1853701203096963,,0.0,,69.24355497677581,0.0,,,,,,,,,,,,,,,,,,,,,,,,,,,,,,,,,,,,,,,,,,,,,,,,,,,,,,,,,,,,,,,,,,,80.48711769222807,100.01411335995539,101.69856441219325,82.23197976682796,85.87910579556743,108.88442275206098,81.00681902757495,,,,,,,,,,,,,,,,,,,,,,,,,,,,,0.0,0.0,0.0,,,,,,,,,,,,,,,,,,,,,,,,,,,,,,,,,,,,,,,,,,,,,,,,,,,,,,,,,,,,,,,,,,,,,,,,,,,,,,,,,,,,,,,,,,,,,,,,,,,,,,,,,,,,,,,,,,,,,,,,,,,,,,,,,,,,,,,,,,,,,,,,,,,,,,,,,,,,,,,,,,,,,,,,,,,,,,,,,,,,,,,,,,,,,,,,,,,,,,,,,,,,,,,,,,,,,,,,,,,,,,,,,,,,,,,,,,,,,,,,,,,,,,,,,,,,,,,,,,,,,,,,,,,,,,,,,,,0.0,,,,,,,,3.24590164,61.0,198.0,George Creamer,George Creamer,2B,2B,1002751,MIL,MIL,1048,,0.0,
,115660.0,Tom Healey,- - -,1878,,,1878,1878,15.0,54.0,54.0,10.0,8.0,2.0,0.0,0.0,2.0,6.0,0.0,,18.0,,,,,,,0.185185185,,,,,,,,,,,0.0,0.333333333,0.0,0.185185185,0.222222222,0.407407407,0.037037037,0.277777777,,,,,,,,,0.33333333,0.18839761504420527,-3.600806334029286,3.738999358405025,-3.2515410119400907,-1.0,1.78574388474226,0.23804901540279388,0.07070414023473859,,-0.7619509845972061,-3.2515410119400907,-2.1570439715602987,-0.20780396240330054,-0.20780396240330054,,0.0,,56.79864592655546,0.0,,,,,,,,,,,,,,,,,,,,,,,,,,,,,,,,,,,,,,,,,,,,,,,,,,,,,,,,,,,,,,,,,,,70.16266336436041,0.0,447.4736876646504,65.54723009759222,68.20850790598143,59.87092288845849,97.69115055512523,,,,,,,,,,,,,,,,,,,,,,,,,,,,,0.0,0.0,0.0,,,,,,,,,,,,,,,,,,,,,,,,,,,,,,,,,,,,,,,,,,,,,,,,,,,,,,,,,,,,,,,,,,,,,,,,,,,,,,,,,,,,,,,,,,,,,,,,,,,,,,,,,,,,,,,,,,,,,,,,,,,,,,,,,,,,,,,,,,,,,,,,,,,,,,,,,,,,,,,,,,,,,,,,,,,,,,,,,,,,,,,,,,,,,,,,,,,,,,,,,,,,,,,,,,,,,,,,,,,,,,,,,,,,,,,,,,,,,,,,,,,,,,,,,,,,,,,,,,,,,,,,,,,,,,,,,,,0.0,,,,,,,,0.864,63.0,54.0,Tom Healey,Tom Healey,P,P,1005544,- - -,2 Tms,0,,0.0,
R,119393.0,John Morrill,BSN,1878,23.0,23 - 23,1878,1878,60.0,233.0,238.0,56.0,50.0,5.0,1.0,0.0,26.0,23.0,5.0,,16.0,,,,,,,0.240343347,,,,,,,,,,,0.021008403,0.06722689,0.3125,0.256302521,0.270386266,0.526688787,0.030042919,0.258064516,,,,,,,,,0.08823529,0.24730261258718347,-5.509510805286531,26.840003172479506,-6.157799591697817,-4.0,7.870500825345516,-0.018214935436844826,0.31162195140495896,,-4.018214935436845,-6.157799591697817,-1.9938917503841864,-0.21308712232699825,-0.21308712232699825,,0.0,,81.43690119215852,0.0,,,,,,,,,,,,,,,,,,,,,,,,,,,,,,,,,,,,,,,,,,,,,,,,,,,,,,,,,,,,,,,,,,,91.06089881301851,83.20501807853378,90.24679318070082,90.71957005599423,82.99189695033206,48.564825917814474,90.75823018407276,,,,,,,,,,,,,,,,,,,,,,,,,,,,,0.0,0.0,0.0,,,,,,,,,,,,,,,,,,,,,,,,,,,,,,,,,,,,,,,,,,,,,,,,,,,,,,,,,,,,,,,,,,,,,,,,,,,,,,,,,,,,,,,,,,,,,,,,,,,,,,,,,,,,,,,,,,,,,,,,,,,,,,,,,,,,,,,,,,,,,,,,,,,,,,,,,,,,,,,,,,,,,,,,,,,,,,,,,,,,,,,,,,,,,,,,,,,,,,,,,,,,,,,,,,,,,,,,,,,,,,,,,,,,,,,,,,,,,,,,,,,,,,,,,,,,,,,,,,,,,,,,,,,,,,,,,,,0.0,,,,,,,,3.96666667,60.0,238.0,John Morrill,John Morrill,1B,1B,1009214,BSN,BSN,16,,0.0,
R,118245.0,Jack Manning,BSN,1878,24.0,24 - 24,1878,1878,60.0,248.0,258.0,63.0,52.0,10.0,1.0,0.0,41.0,23.0,10.0,,16.0,,,,,,,0.254032258,,,,,,,,,,,0.038759689,0.062015503,0.625,0.282945736,0.302419354,0.58536509,0.048387096,0.271551724,,,,,,,,,0.10077519,0.27547656196032383,-0.6005958657474911,34.46736466477199,-1.303362701437036,-6.0,8.531887449324131,-3.488649845123291,0.3378086700104177,,-9.488649845123291,-1.303362701437036,-1.9223164272257787,-0.22007455431524234,-0.22007455431524234,,0.0,,96.37550532946786,0.0,,,,,,,,,,,,,,,,,,,,,,,,,,,,,,,,,,,,,,,,,,,,,,,,,,,,,,,,,,,,,,,,,,,96.24733128552384,153.51003234102788,83.25091750099001,100.15007038926802,92.8240780652446,78.21846119242197,95.50152130823672,,,,,,,,,,,,,,,,,,,,,,,,,,,,,0.0,0.0,0.0,,,,,,,,,,,,,,,,,,,,,,,,,,,,,,,,,,,,,,,,,,,,,,,,,,,,,,,,,,,,,,,,,,,,,,,,,,,,,,,,,,,,,,,,,,,,,,,,,,,,,,,,,,,,,,,,,,,,,,,,,,,,,,,,,,,,,,,,,,,,,,,,,,,,,,,,,,,,,,,,,,,,,,,,,,,,,,,,,,,,,,,,,,,,,,,,,,,,,,,,,,,,,,,,,,,,,,,,,,,,,,,,,,,,,,,,,,,,,,,,,,,,,,,,,,,,,,,,,,,,,,,,,,,,,,,,,,,0.0,,,,,,,,4.3,60.0,258.0,Jack Manning,Jack Manning,OF,OF,1008065,BSN,BSN,16,,0.0,
R,117686.0,Andy Leonard,BSN,1878,32.0,32 - 32,1878,1878,60.0,262.0,265.0,68.0,55.0,8.0,5.0,0.0,41.0,16.0,3.0,,19.0,,,,,,,0.259541984,,,,,,,,,,,0.011320754,0.071698113,0.157894736,0.267924528,0.328244274,0.596168802,0.06870229,0.27983539,,,,,,,,,0.08301887,0.27525297920658903,-0.6606780408812394,35.358738783101956,-1.3825121938181748,-6.0,8.763372767716646,-3.7037036418914795,0.34697402152232826,,-9.70370364189148,-1.3825121938181748,-1.97586904647068,-0.22506415254450446,-0.22506415254450446,,0.0,,96.25695559383307,0.0,,,,,,,,,,,,,,,,,,,,,,,,,,,,,,,,,,,,,,,,,,,,,,,,,,,,,,,,,,,,,,,,,,,98.33484736631411,44.8365133338614,96.24905711624494,94.83323805314886,100.7507347371873,111.05827479697314,98.41478841387776,,,,,,,,,,,,,,,,,,,,,,,,,,,,,0.0,0.0,0.0,,,,,,,,,,,,,,,,,,,,,,,,,,,,,,,,,,,,,,,,,,,,,,,,,,,,,,,,,,,,,,,,,,,,,,,,,,,,,,,,,,,,,,,,,,,,,,,,,,,,,,,,,,,,,,,,,,,,,,,,,,,,,,,,,,,,,,,,,,,,,,,,,,,,,,,,,,,,,,,,,,,,,,,,,,,,,,,,,,,,,,,,,,,,,,,,,,,,,,,,,,,,,,,,,,,,,,,,,,,,,,,,,,,,,,,,,,,,,,,,,,,,,,,,,,,,,,,,,,,,,,,,,,,,,,,,,,,0.0,,,,,,,,4.41666667,60.0,265.0,Andy Leonard,Andy Leonard,OF,OF,1007530,BSN,BSN,16,,0.0,
R,123434.0,Bill Traffley,CHI,1878,18.0,18 - 18,1878,1878,2.0,9.0,9.0,1.0,1.0,0.0,0.0,0.0,1.0,1.0,0.0,,1.0,,,,,,,0.111111111,,,,,,,,,,,0.0,0.111111111,0.0,0.111111111,0.111111111,0.222222222,0.0,0.125,,,,,,,,,0.11111111,0.10401770141389635,-1.1613658290252233,0.061935119713828424,-1.2267949651822592,-2.0,0.29762398079037666,0.06172839552164078,0.011784023372456431,,-1.9382716044783592,-1.2267949651822592,-2.8556585654977855,-0.2797233174298408,-0.2797233174298408,,0.0,,2.2016881132895283,0.0,,,,,,,,,,,,,,,,,,,,,,,,,,,,,,,,,,,,,,,,,,,,,,,,,,,,,,,,,,,,,,,,,,,42.097598132279764,0.0,149.15789581363782,39.32833816474185,34.10425392741253,0.0,43.96101776739075,,,,,,,,,,,,,,,,,,,,,,,,,,,,,0.0,0.0,0.0,,,,,,,,,,,,,,,,,,,,,,,,,,,,,,,,,,,,,,,,,,,,,,,,,,,,,,,,,,,,,,,,,,,,,,,,,,,,,,,,,,,,,,,,,,,,,,,,,,,,,,,,,,,,,,,,,,,,,,,,,,,,,,,,,,,,,,,,,,,,,,,,,,,,,,,,,,,,,,,,,,,,,,,,,,,,,,,,,,,,,,,,,,,,,,,,,,,,,,,,,,,,,,,,,,,,,,,,,,,,,,,,,,,,,,,,,,,,,,,,,,,,,,,,,,,,,,,,,,,,,,,,,,,,,,,,,,,0.0,,,,,,,,0.14754098,61.0,9.0,Bill Traffley,Bill Traffley,C,C,1013153,CHI,CHI,17,,0.0,
,116527.0,Alamazoo Jennings,MIL,1878,27.0,27 - 27,1878,1878,1.0,2.0,3.0,0.0,0.0,0.0,0.0,0.0,0.0,0.0,1.0,,0.0,,,,,,,0.0,,,,,,,,,,,0.333333333,0.0,1.0,0.333333333,0.0,0.333333333,0.0,0.0,,,,,,,,,0.33333333,0.24214138587315878,-0.08089047553057342,0.32687650738244384,-0.11993847670073181,-3.0,0.09920799359679222,0.03086419776082039,0.0039280077908188105,,-2.9691358022391796,-0.11993847670073181,-2.9859382775523002,-0.2986898428794946,-0.2986898428794946,,0.0,,71.31603678406239,0.0,,,,,,,,,,,,,,,,,,,,,,,,,,,,,,,,,,,,,,,,,,,,,,,,,,,,,,,,,,,,,,,,,,,0.0,1320.1863082330879,0.0,117.98501449422557,0.0,0.0,0.0,,,,,,,,,,,,,,,,,,,,,,,,,,,,,0.0,0.0,0.0,,,,,,,,,,,,,,,,,,,,,,,,,,,,,,,,,,,,,,,,,,,,,,,,,,,,,,,,,,,,,,,,,,,,,,,,,,,,,,,,,,,,,,,,,,,,,,,,,,,,,,,,,,,,,,,,,,,,,,,,,,,,,,,,,,,,,,,,,,,,,,,,,,,,,,,,,,,,,,,,,,,,,,,,,,,,,,,,,,,,,,,,,,,,,,,,,,,,,,,,,,,,,,,,,,,,,,,,,,,,,,,,,,,,,,,,,,,,,,,,,,,,,,,,,,,,,,,,,,,,,,,,,,,,,,,,,,,0.0,,,,,,,,0.04918033,61.0,3.0,Alamazoo Jennings,Alamazoo Jennings,C,C,1006393,MIL,MIL,1048,,0.0,
,117209.0,Jake Knowdell,MIL,1878,37.0,37 - 37,1878,1878,4.0,14.0,14.0,3.0,2.0,1.0,0.0,0.0,2.0,2.0,0.0,,3.0,,,,,,,0.214285714,,,,,,,,,,,0.0,0.214285714,0.0,0.214285714,0.285714285,0.499999999,0.071428571,0.272727272,,,,,,,,,0.21428571,0.22960121291024344,-0.5072342855562112,1.3956783013712026,-0.6894582910169503,-3.0,0.46297063678503036,0.06172839552164078,0.018330703023821115,,-2.9382716044783592,-0.6894582910169503,-3.146428555686458,-0.3136430238608005,-0.3136430238608005,,0.0,,64.66689160298333,0.0,,,,,,,,,,,,,,,,,,,,,,,,,,,,,,,,,,,,,,,,,,,,,,,,,,,,,,,,,,,,,,,,,,,81.18822494233395,0.0,287.6616561161286,75.84750929243393,87.69665282465866,115.46534862918116,95.9149476003521,,,,,,,,,,,,,,,,,,,,,,,,,,,,,0.0,0.0,0.0,,,,,,,,,,,,,,,,,,,,,,,,,,,,,,,,,,,,,,,,,,,,,,,,,,,,,,,,,,,,,,,,,,,,,,,,,,,,,,,,,,,,,,,,,,,,,,,,,,,,,,,,,,,,,,,,,,,,,,,,,,,,,,,,,,,,,,,,,,,,,,,,,,,,,,,,,,,,,,,,,,,,,,,,,,,,,,,,,,,,,,,,,,,,,,,,,,,,,,,,,,,,,,,,,,,,,,,,,,,,,,,,,,,,,,,,,,,,,,,,,,,,,,,,,,,,,,,,,,,,,,,,,,,,,,,,,,,0.0,,,,,,,,0.2295082,61.0,14.0,Jake Knowdell,Jake Knowdell,C,C,1007056,MIL,MIL,1048,,0.0,
R,118595.0,Jim McCormick,IND,1878,21.0,21 - 21,1878,1878,15.0,56.0,56.0,8.0,7.0,1.0,0.0,0.0,5.0,0.0,0.0,,2.0,,,,,,,0.142857142,,,,,,,,,,,0.0,0.035714285,0.0,0.142857142,0.160714285,0.303571427,0.017857143,0.148148148,,,,,,,,,0.03571429,0.14098595614944184,-5.69632576472712,1.9153245829825356,-5.269193992685799,0.0,1.8518825471401215,-0.13071896135807037,0.07332281209528446,,-0.13071896135807037,-5.269193992685799,-3.4747075948084634,-0.32374504005068677,-0.32374504005068677,,0.0,,32.49156441578738,0.0,,,,,,,,,,,,,,,,,,,,,,,,,,,,,,,,,,,,,,,,,,,,,,,,,,,,,,,,,,,,,,,,,,,54.12548304230371,0.0,47.94360845774072,50.56500595898592,49.32936711795229,28.866337561424015,52.10194693147228,,,,,,,,,,,,,,,,,,,,,,,,,,,,,0.0,0.0,0.0,,,,,,,,,,,,,,,,,,,,,,,,,,,,,,,,,,,,,,,,,,,,,,,,,,,,,,,,,,,,,,,,,,,,,,,,,,,,,,,,,,,,,,,,,,,,,,,,,,,,,,,,,,,,,,,,,,,,,,,,,,,,,,,,,,,,,,,,,,,,,,,,,,,,,,,,,,,,,,,,,,,,,,,,,,,,,,,,,,,,,,,,,,,,,,,,,,,,,,,,,,,,,,,,,,,,,,,,,,,,,,,,,,,,,,,,,,,,,,,,,,,,,,,,,,,,,,,,,,,,,,,,,,,,,,,,,,,0.0,,,,,,,,0.88888889,63.0,56.0,Jim McCormick,Jim McCormick,P,P,1008416,IND,IND,1035,,0.0,
R,124011.0,Sam Weaver,MIL,1878,22.0,22 - 22,1878,1878,48.0,170.0,181.0,34.0,29.0,4.0,1.0,0.0,15.0,3.0,11.0,,14.0,,,,,,,0.2,,,,,,,,,,,0.06077348,0.077348066,0.785714285,0.248618784,0.235294117,0.483912901,0.035294117,0.217948717,,,,,,,,,0.13812155,0.23323272275661236,-6.072049706458858,18.52989159595985,-8.427945777058415,-1.0,5.985548947006464,-0.44993141293525696,0.23698980337940156,,-1.449931412935257,-8.427945777058415,-3.6553384396078066,-0.34740287521268215,-0.34740287521268215,,0.0,,66.5924181699958,0.0,,,,,,,,,,,,,,,,,,,,,,,,,,,,,,,,,,,,,,,,,,,,,,,,,,,,,,,,,,,,,,,,,,,75.77567671387926,240.69694883972912,103.8336730321631,87.99987258933008,72.2207728963696,57.05346567781834,76.64997936333614,,,,,,,,,,,,,,,,,,,,,,,,,,,,,0.0,0.0,0.0,,,,,,,,,,,,,,,,,,,,,,,,,,,,,,,,,,,,,,,,,,,,,,,,,,,,,,,,,,,,,,,,,,,,,,,,,,,,,,,,,,,,,,,,,,,,,,,,,,,,,,,,,,,,,,,,,,,,,,,,,,,,,,,,,,,,,,,,,,,,,,,,,,,,,,,,,,,,,,,,,,,,,,,,,,,,,,,,,,,,,,,,,,,,,,,,,,,,,,,,,,,,,,,,,,,,,,,,,,,,,,,,,,,,,,,,,,,,,,,,,,,,,,,,,,,,,,,,,,,,,,,,,,,,,,,,,,,0.0,,,,,,,,2.96721311,61.0,181.0,Sam Weaver,Sam Weaver,P,P,1013705,MIL,MIL,1048,,0.0,
R,120830.0,Joe Quest,IND,1878,25.0,25 - 25,1878,1878,62.0,278.0,290.0,57.0,52.0,3.0,2.0,0.0,45.0,13.0,12.0,,24.0,,,,,,,0.205035971,,,,,,,,,,,0.04137931,0.08275862,0.5,0.237931034,0.230215827,0.468146861,0.025179856,0.224409448,,,,,,,,,0.12413793,0.22358122899614533,-11.79718610338459,27.620288911540413,-9.585253712456321,-5.0,9.590106047689915,1.1481480598449707,0.3797074197791517,,-3.8518519401550293,-9.585253712456321,-3.467292185142284,-0.35719473096139365,-0.35719473096139365,,0.0,,76.28585354183576,0.0,,,,,,,,,,,,,,,,,,,,,,,,,,,,,,,,,,,,,,,,,,,,,,,,,,,,,,,,,,,,,,,,,,,77.68369726606161,163.88519568228267,111.09691468786092,84.21688956956511,70.66205126971751,40.703612164837786,78.92214184558681,,,,,,,,,,,,,,,,,,,,,,,,,,,,,0.0,0.0,0.0,,,,,,,,,,,,,,,,,,,,,,,,,,,,,,,,,,,,,,,,,,,,,,,,,,,,,,,,,,,,,,,,,,,,,,,,,,,,,,,,,,,,,,,,,,,,,,,,,,,,,,,,,,,,,,,,,,,,,,,,,,,,,,,,,,,,,,,,,,,,,,,,,,,,,,,,,,,,,,,,,,,,,,,,,,,,,,,,,,,,,,,,,,,,,,,,,,,,,,,,,,,,,,,,,,,,,,,,,,,,,,,,,,,,,,,,,,,,,,,,,,,,,,,,,,,,,,,,,,,,,,,,,,,,,,,,,,,0.0,,,,,,,,4.6031746,63.0,290.0,Joe Quest,Joe Quest,2B,2B,1010594,IND,IND,1035,,0.0,
,113799.0,Joe Ellick,MIL,1878,24.0,24 - 24,1878,1878,3.0,13.0,13.0,2.0,2.0,0.0,0.0,0.0,2.0,1.0,0.0,,1.0,,,,,,,0.153846153,,,,,,,,,,,0.0,0.076923076,0.0,0.153846153,0.153846153,0.307692306,0.0,0.166666666,,,,,,,,,0.07692308,0.14402450965001032,-1.2931688814584317,0.47382137783130984,-1.462376886529118,-3.0,0.4299013055860996,0.069444440305233,0.01702136709354818,,-2.930555559694767,-1.462376886529118,-3.9460097735442368,-0.38814150936959707,-0.38814150936959707,,0.0,,19.291765934610698,0.0,,,,,,,,,,,,,,,,,,,,,,,,,,,,,,,,,,,,,,,,,,,,,,,,,,,,,,,,,,,,,,,,,,,58.28898176701003,0.0,103.26315750431607,54.45462182921216,47.22127445622931,0.0,58.61469012206224,,,,,,,,,,,,,,,,,,,,,,,,,,,,,0.0,0.0,0.0,,,,,,,,,,,,,,,,,,,,,,,,,,,,,,,,,,,,,,,,,,,,,,,,,,,,,,,,,,,,,,,,,,,,,,,,,,,,,,,,,,,,,,,,,,,,,,,,,,,,,,,,,,,,,,,,,,,,,,,,,,,,,,,,,,,,,,,,,,,,,,,,,,,,,,,,,,,,,,,,,,,,,,,,,,,,,,,,,,,,,,,,,,,,,,,,,,,,,,,,,,,,,,,,,,,,,,,,,,,,,,,,,,,,,,,,,,,,,,,,,,,,,,,,,,,,,,,,,,,,,,,,,,,,,,,,,,,0.0,,,,,,,,0.21311475,61.0,13.0,Joe Ellick,Joe Ellick,SS/OF,SS/OF,1003730,MIL,MIL,1048,,0.0,
R,111186.0,Tommy Bond,BSN,1878,22.0,22 - 22,1878,1878,59.0,236.0,236.0,50.0,45.0,4.0,1.0,0.0,22.0,23.0,0.0,,9.0,,,,,,,0.211864406,,,,,,,,,,,0.0,0.038135593,0.0,0.211864406,0.237288135,0.449152541,0.025423729,0.220264317,,,,,,,,,0.03813559,0.20848731393531217,-12.233004642195553,19.84466468029514,-12.875845623679012,0.0,7.804362162947655,-0.11940902471542358,0.3090032795444131,,-0.11940902471542358,-12.875845623679012,-4.881889205902368,-0.4548547966595153,-0.4548547966595153,,0.0,,60.855960502865635,0.0,,,,,,,,,,,,,,,,,,,,,,,,,,,,,,,,,,,,,,,,,,,,,,,,,,,,,,,,,,,,,,,,,,,80.2708436811703,0.0,51.1940233185617,74.99047511315194,72.83281336285211,41.09783650073055,77.46434842527351,,,,,,,,,,,,,,,,,,,,,,,,,,,,,0.0,0.0,0.0,,,,,,,,,,,,,,,,,,,,,,,,,,,,,,,,,,,,,,,,,,,,,,,,,,,,,,,,,,,,,,,,,,,,,,,,,,,,,,,,,,,,,,,,,,,,,,,,,,,,,,,,,,,,,,,,,,,,,,,,,,,,,,,,,,,,,,,,,,,,,,,,,,,,,,,,,,,,,,,,,,,,,,,,,,,,,,,,,,,,,,,,,,,,,,,,,,,,,,,,,,,,,,,,,,,,,,,,,,,,,,,,,,,,,,,,,,,,,,,,,,,,,,,,,,,,,,,,,,,,,,,,,,,,,,,,,,,0.0,,,,,,,,3.93333333,60.0,236.0,Tommy Bond,Tommy Bond,P,P,1001158,BSN,BSN,16,,0.0,
L,120984.0,Billy Redmon,MIL,1878,,,1878,1878,48.0,187.0,195.0,43.0,35.0,8.0,0.0,0.0,16.0,21.0,8.0,,13.0,,,,,,,0.229946524,,,,,,,,,,,0.041025641,0.066666666,0.615384615,0.261538461,0.272727272,0.534265733,0.042780748,0.247126436,,,,,,,,,0.10769231,0.2528910566598941,-3.7087426445123803,22.796111244833742,-6.246862720572675,-7.0,6.448519583791494,2.0622222423553467,0.2553205064032227,,-4.937777757644653,-6.246862720572675,-4.480800388022612,-0.4652814353375102,-0.4652814353375102,,0.0,,77.01580838379881,0.0,,,,,,,,,,,,,,,,,,,,,,,,,,,,,,,,,,,,,,,,,,,,,,,,,,,,,,,,,,,,,,,,,,,87.1217673205214,162.48446876654248,89.49473668273006,92.57285742822019,83.71044131867697,69.15571616905434,86.91143715030363,,,,,,,,,,,,,,,,,,,,,,,,,,,,,0.0,0.0,0.0,,,,,,,,,,,,,,,,,,,,,,,,,,,,,,,,,,,,,,,,,,,,,,,,,,,,,,,,,,,,,,,,,,,,,,,,,,,,,,,,,,,,,,,,,,,,,,,,,,,,,,,,,,,,,,,,,,,,,,,,,,,,,,,,,,,,,,,,,,,,,,,,,,,,,,,,,,,,,,,,,,,,,,,,,,,,,,,,,,,,,,,,,,,,,,,,,,,,,,,,,,,,,,,,,,,,,,,,,,,,,,,,,,,,,,,,,,,,,,,,,,,,,,,,,,,,,,,,,,,,,,,,,,,,,,,,,,,0.0,,,,,,,,3.19672131,61.0,195.0,Billy Redmon,William Redmond,SS,SS,1010753,MIL,MIL,1048,,0.0,
,,Pidgey Morgan,MIL,1878,,,1878,1878,14.0,56.0,59.0,11.0,11.0,0.0,0.0,0.0,2.0,5.0,3.0,,9.0,,,,,,,0.196428571,,,,,,,,,,,0.050847457,0.152542372,0.333333333,0.237288135,0.196428571,0.433716706,0.0,0.234042553,,,,,,,,,0.20338983,0.211474998522613,-2.9279803352674274,5.091436995355245,-3.6959243582805423,-3.0,1.9510905407369137,-0.5591866374015808,0.07725081988610327,,-3.559186637401581,-3.6959243582805423,-5.226769635059107,-0.5074723138611617,-0.5074723138611617,,0.0,,55.05587336558418,0.0,,,,,,,,,,,,,,,,,,,,,,,,,,,,,,,,,,,,,,,,,,,,,,,,,,,,,,,,,,,,,,,,,,,74.42253946732639,201.38434982099636,204.7760932742468,83.98933222583759,60.291448836136475,0.0,82.30999064606793,,,,,,,,,,,,,,,,,,,,,,,,,,,,,0.0,0.0,0.0,,,,,,,,,,,,,,,,,,,,,,,,,,,,,,,,,,,,,,,,,,,,,,,,,,,,,,,,,,,,,,,,,,,,,,,,,,,,,,,,,,,,,,,,,,,,,,,,,,,,,,,,,,,,,,,,,,,,,,,,,,,,,,,,,,,,,,,,,,,,,,,,,,,,,,,,,,,,,,,,,,,,,,,,,,,,,,,,,,,,,,,,,,,,,,,,,,,,,,,,,,,,,,,,,,,,,,,,,,,,,,,,,,,,,,,,,,,,,,,,,,,,,,,,,,,,,,,,,,,,,,,,,,,,,,,,,,,0.0,,,,,,,,0.96721311,61.0,59.0,Pidgey Morgan,Pidgey Morgan,OF,OF,1009181,MIL,MIL,1048,,0.0,
L,119705.0,Candy Nelson,IND,1878,,,1878,1878,19.0,84.0,89.0,11.0,10.0,1.0,0.0,0.0,12.0,5.0,5.0,,11.0,,,,,,,0.13095238,,,,,,,,,,,0.056179775,0.123595505,0.454545454,0.17977528,0.142857142,0.322632422,0.011904762,0.150684931,,,,,,,,,0.17977528,0.16107654236675648,-7.73166263159003,4.365424528162816,-7.052828208167217,-3.0,2.943170476704836,1.1728395223617554,0.11653089779429138,,-1.8271604776382446,-7.052828208167217,-5.820287311306334,-0.5627714717398091,-0.5627714717398091,,0.0,,43.14414671484805,0.0,,,,,,,,,,,,,,,,,,,,,,,,,,,,,,,,,,,,,,,,,,,,,,,,,,,,,,,,,,,,,,,,,,,49.61502605896534,222.50330948634988,165.9172092863328,63.63236711314274,43.84832625886019,19.244225040949342,52.99410343175239,,,,,,,,,,,,,,,,,,,,,,,,,,,,,0.0,0.0,0.0,,,,,,,,,,,,,,,,,,,,,,,,,,,,,,,,,,,,,,,,,,,,,,,,,,,,,,,,,,,,,,,,,,,,,,,,,,,,,,,,,,,,,,,,,,,,,,,,,,,,,,,,,,,,,,,,,,,,,,,,,,,,,,,,,,,,,,,,,,,,,,,,,,,,,,,,,,,,,,,,,,,,,,,,,,,,,,,,,,,,,,,,,,,,,,,,,,,,,,,,,,,,,,,,,,,,,,,,,,,,,,,,,,,,,,,,,,,,,,,,,,,,,,,,,,,,,,,,,,,,,,,,,,,,,,,,,,,0.0,,,,,,,,1.41269841,63.0,89.0,Candy Nelson,Candy Nelson,SS,SS,1009498,IND,IND,1035,,0.0,
R,116060.0,Bill Holbert,MIL,1878,23.0,23 - 23,1878,1878,45.0,173.0,176.0,32.0,30.0,2.0,0.0,0.0,10.0,12.0,3.0,,14.0,,,,,,,0.184971098,,,,,,,,,,,0.017045454,0.079545454,0.214285714,0.198863636,0.196531791,0.395395427,0.011560693,0.201257861,,,,,,,,,0.09659091,0.18720595775680107,-11.890958797111661,12.031370867118685,-14.181774865760953,1.0,5.82020229101181,-1.0620914697647095,0.23044312372803688,,-0.06209146976470947,-14.181774865760953,-8.193220920785816,-0.7565496790698084,-0.7565496790698084,,0.0,,42.18775935036131,0.0,,,,,,,,,,,,,,,,,,,,,,,,,,,,,,,,,,,,,,,,,,,,,,,,,,,,,,,,,,,,,,,,,,,70.08155061729639,67.50952503276028,106.78349296840818,70.38878699789197,60.323131005981644,18.68803237908728,70.78000322598447,,,,,,,,,,,,,,,,,,,,,,,,,,,,,0.0,0.0,0.0,,,,,,,,,,,,,,,,,,,,,,,,,,,,,,,,,,,,,,,,,,,,,,,,,,,,,,,,,,,,,,,,,,,,,,,,,,,,,,,,,,,,,,,,,,,,,,,,,,,,,,,,,,,,,,,,,,,,,,,,,,,,,,,,,,,,,,,,,,,,,,,,,,,,,,,,,,,,,,,,,,,,,,,,,,,,,,,,,,,,,,,,,,,,,,,,,,,,,,,,,,,,,,,,,,,,,,,,,,,,,,,,,,,,,,,,,,,,,,,,,,,,,,,,,,,,,,,,,,,,,,,,,,,,,,,,,,,0.0,,,,,,,,2.8852459,61.0,176.0,Bill Holbert,Bill Holbert,C,C,1005936,MIL,MIL,1048,,0.0,
R,114893.0,Mike Golden,MIL,1878,26.0,26 - 26,1878,1878,55.0,214.0,217.0,44.0,35.0,6.0,3.0,0.0,16.0,20.0,3.0,,35.0,,,,,,,0.205607476,,,,,,,,,,,0.013824884,0.161290322,0.085714285,0.216589861,0.261682242,0.478272103,0.056074766,0.245810055,,,,,,,,,0.17511521,0.22175008910042898,-9.121207485341003,20.373937612033913,-11.94567956998246,-3.0,7.176044870167971,-1.8618080615997314,0.2841258968692273,,-4.8618080615997314,-11.94567956998246,-9.347316864544993,-0.8913914470376583,-0.8913914470376583,,0.0,,60.50400946407967,0.0,,,,,,,,,,,,,,,,,,,,,,,,,,,,,,,,,,,,,,,,,,,,,,,,,,,,,,,,,,,,,,,,,,,77.90022815666345,54.75426776388632,216.51952561813644,76.66307374482497,80.32029874548384,90.64569422073073,86.44848156206638,,,,,,,,,,,,,,,,,,,,,,,,,,,,,0.0,0.0,0.0,,,,,,,,,,,,,,,,,,,,,,,,,,,,,,,,,,,,,,,,,,,,,,,,,,,,,,,,,,,,,,,,,,,,,,,,,,,,,,,,,,,,,,,,,,,,,,,,,,,,,,,,,,,,,,,,,,,,,,,,,,,,,,,,,,,,,,,,,,,,,,,,,,,,,,,,,,,,,,,,,,,,,,,,,,,,,,,,,,,,,,,,,,,,,,,,,,,,,,,,,,,,,,,,,,,,,,,,,,,,,,,,,,,,,,,,,,,,,,,,,,,,,,,,,,,,,,,,,,,,,,,,,,,,,,,,,,,0.0,,,,,,,,3.55737705,61.0,217.0,Mike Golden,Mike Golden,P/OF,P/OF,1004805,MIL,MIL,1048,,0.0,
,112842.0,Art Croft,IND,1878,23.0,23 - 23,1878,1878,60.0,222.0,227.0,35.0,29.0,6.0,0.0,0.0,22.0,16.0,5.0,,23.0,,,,,,,0.157657657,,,,,,,,,,,0.022026431,0.101321585,0.217391304,0.176211453,0.184684684,0.360896137,0.027027027,0.175879396,,,,,,,,,0.12334802,0.17107194268230824,-18.043263301458857,12.811105072292781,-16.311854154077075,-1.0,7.506738182157278,-0.5555555820465088,0.29721925617195666,,-1.5555555820465088,-16.311854154077075,-10.063452297794349,-0.9444588924636307,-0.9444588924636307,,0.0,,48.44398333094973,0.0,,,,,,,,,,,,,,,,,,,,,,,,,,,,,,,,,,,,,,,,,,,,,,,,,,,,,,,,,,,,,,,,,,,59.73307824149832,87.2369779635595,136.0162299079401,62.37093257113157,56.68680029344627,43.68959159165164,61.854698019791634,,,,,,,,,,,,,,,,,,,,,,,,,,,,,0.0,0.0,0.0,,,,,,,,,,,,,,,,,,,,,,,,,,,,,,,,,,,,,,,,,,,,,,,,,,,,,,,,,,,,,,,,,,,,,,,,,,,,,,,,,,,,,,,,,,,,,,,,,,,,,,,,,,,,,,,,,,,,,,,,,,,,,,,,,,,,,,,,,,,,,,,,,,,,,,,,,,,,,,,,,,,,,,,,,,,,,,,,,,,,,,,,,,,,,,,,,,,,,,,,,,,,,,,,,,,,,,,,,,,,,,,,,,,,,,,,,,,,,,,,,,,,,,,,,,,,,,,,,,,,,,,,,,,,,,,,,,,0.0,,,,,,,,3.6031746,63.0,227.0,Art Croft,Art Croft,1B/OF,1B/OF,1002783,IND,IND,1035,,0.0,
R,123032.0,Charlie Sweasy,PRO,1878,30.0,30 - 30,1878,1878,55.0,212.0,219.0,37.0,34.0,3.0,0.0,0.0,23.0,8.0,7.0,,23.0,,,,,,,0.174528301,,,,,,,,,,,0.03196347,0.105022831,0.304347826,0.200913242,0.188679245,0.389592487,0.014150944,0.195767195,,,,,,,,,0.1369863,0.18694374795373717,-14.83857408752221,14.928415665128052,-14.691736197374047,-4.0,7.242183532565832,1.0185184478759766,0.28674456872977316,,-2.9814815521240234,-14.691736197374047,-10.144289648202466,-0.9724750195418898,-0.9724750195418898,,0.0,,51.86833451592403,0.0,,,,,,,,,,,,,,,,,,,,,,,,,,,,,,,,,,,,,,,,,,,,,,,,,,,,,,,,,,,,,,,,,,,66.12500056999305,126.59320649945036,140.98486050014648,71.11425537946978,57.912883998725206,22.875211690739544,68.849001101338,,,,,,,,,,,,,,,,,,,,,,,,,,,,,0.0,0.0,0.0,,,,,,,,,,,,,,,,,,,,,,,,,,,,,,,,,,,,,,,,,,,,,,,,,,,,,,,,,,,,,,,,,,,,,,,,,,,,,,,,,,,,,,,,,,,,,,,,,,,,,,,,,,,,,,,,,,,,,,,,,,,,,,,,,,,,,,,,,,,,,,,,,,,,,,,,,,,,,,,,,,,,,,,,,,,,,,,,,,,,,,,,,,,,,,,,,,,,,,,,,,,,,,,,,,,,,,,,,,,,,,,,,,,,,,,,,,,,,,,,,,,,,,,,,,,,,,,,,,,,,,,,,,,,,,,,,,,0.0,,,,,,,,3.53225806,62.0,219.0,Charlie Sweasy,Charlie Sweasy,2B,2B,1012769,PRO,PRO,1064,,0.0,
