,IDfg,Season,Name,Team,Age,W,L,WAR,ERA,G,GS,CG,ShO,SV,BS,IP,TBF,H,R,ER,HR,BB,IBB,HBP,WP,BK,SO,GB,FB,LD,IFFB,Balls,Strikes,Pitches,RS,IFH,BU,BUH,K/9,BB/9,K/BB,H/9,HR/9,AVG,WHIP,BABIP,LOB%,FIP,GB/FB,LD%,GB%,FB%,IFFB%,HR/FB,IFH%,BUH%,Starting,Start-IP,Relieving,Relief-IP,RAR,Dollars,tERA,xFIP,WPA,-WPA,+WPA,RE24,REW,pLI,inLI,gmLI,exLI,Pulls,WPA/LI,Clutch,FB% 2,FBv,SL%,SLv,CT%,CTv,CB%,CBv,CH%,CHv,SF%,SFv,KN%,KNv,XX%,PO%,wFB,wSL,wCT,wCB,wCH,wSF,wKN,wFB/C,wSL/C,wCT/C,wCB/C,wCH/C,wSF/C,wKN/C,O-Swing%,Z-Swing%,Swing%,O-Contact%,Z-Contact%,Contact%,Zone%,F-Strike%,SwStr%,HLD,SD,MD,ERA-,FIP-,xFIP-,K%,BB%,SIERA,RS/9,E-F,FA% (sc),FT% (sc),FC% (sc),FS% (sc),FO% (sc),SI% (sc),SL% (sc),CU% (sc),KC% (sc),EP% (sc),CH% (sc),SC% (sc),KN% (sc),UN% (sc),vFA (sc),vFT (sc),vFC (sc),vFS (sc),vFO (sc),vSI (sc),vSL (sc),vCU (sc),vKC (sc),vEP (sc),vCH (sc),vSC (sc),vKN (sc),FA-X (sc),FT-X (sc),FC-X (sc),FS-X (sc),FO-X (sc),SI-X (sc),SL-X (sc),CU-X (sc),KC-X (sc),EP-X (sc),CH-X (sc),SC-X (sc),KN-X (sc),FA-Z (sc),FT-Z (sc),FC-Z (sc),FS-Z (sc),FO-Z (sc),SI-Z (sc),SL-Z (sc),CU-Z (sc),KC-Z (sc),EP-Z (sc),CH-Z (sc),SC-Z (sc),KN-Z (sc),wFA (sc),wFT (sc),wFC (sc),wFS (sc),wFO (sc),wSI (sc),wSL (sc),wCU (sc),wKC (sc),wEP (sc),wCH (sc),wSC (sc),wKN (sc),wFA/C (sc),wFT/C (sc),wFC/C (sc),wFS/C (sc),wFO/C (sc),wSI/C (sc),wSL/C (sc),wCU/C (sc),wKC/C (sc),wEP/C (sc),wCH/C (sc),wSC/C (sc),wKN/C (sc),O-Swing% (sc),Z-Swing% (sc),Swing% (sc),O-Contact% (sc),Z-Contact% (sc),Contact% (sc),Zone% (sc),Pace,RA9-WAR,BIP-Wins,LOB-Wins,FDP-Wins,Age Rng,K-BB%,Pull%,Cent%,Oppo%,Soft%,Med%,Hard%,kwERA,TTO%,CH% (pi),CS% (pi),CU% (pi),FA% (pi),FC% (pi),FS% (pi),KN% (pi),SB% (pi),SI% (pi),SL% (pi),XX% (pi),vCH (pi),vCS (pi),vCU (pi),vFA (pi),vFC (pi),vFS (pi),vKN (pi),vSB (pi),vSI (pi),vSL (pi),vXX (pi),CH-X (pi),CS-X (pi),CU-X (pi),FA-X (pi),FC-X (pi),FS-X (pi),KN-X (pi),SB-X (pi),SI-X (pi),SL-X (pi),XX-X (pi),CH-Z (pi),CS-Z (pi),CU-Z (pi),FA-Z (pi),FC-Z (pi),FS-Z (pi),KN-Z (pi),SB-Z (pi),SI-Z (pi),SL-Z (pi),XX-Z (pi),wCH (pi),wCS (pi),wCU (pi),wFA (pi),wFC (pi),wFS (pi),wKN (pi),wSB (pi),wSI (pi),wSL (pi),wXX (pi),wCH/C (pi),wCS/C (pi),wCU/C (pi),wFA/C (pi),wFC/C (pi),wFS/C (pi),wKN/C (pi),wSB/C (pi),wSI/C (pi),wSL/C (pi),wXX/C (pi),O-Swing% (pi),Z-Swing% (pi),Swing% (pi),O-Contact% (pi),Z-Contact% (pi),Contact% (pi),Zone% (pi),Pace (pi),FRM,K/9+,BB/9+,K/BB+,H/9+,HR/9+,AVG+,WHIP+,BABIP+,LOB%+,K%+,BB%+,LD%+,GB%+,FB%+,HR/FB%+,Pull%+,Cent%+,Oppo%+,Soft%+,Med%+,Hard%+,EV,LA,Barrels,Barrel%,maxEV,HardHit,HardHit%,Events,CStr%,CSW%,xERA
0,1013196,1944,Dizzy Trout,DET,29,27,14,7.4,2.12,49,40,33,7,0,,352.1,1421,314,104,83,9,83,,4,2,0,144,,,,,,,,,,,,3.68,2.12,1.73,8.02,0.23,0.235,1.13,0.258,0.765,2.79,,,,,,,,,,,,,64.2,,,,,,,,,,,,,,,,,,,,,,,,,,,,,,,,,,,,,,,,,,,,,,,,,,,,,,,,,,59,78,,0.10099999999999999,0.057999999999999996,,,-0.67,,,,,,,,,,,,,,,,,,,,,,,,,,,,,,,,,,,,,,,,,,,,,,,,,,,,,,,,,,,,,,,,,,,,,,,,,,,,,,,,,,,,,,,,11.1,1.6,2.1,3.7,29 - 29,0.043,,,,,,,3.04,0.166,,,,,,,,,,,,,,,,,,,,,,,,,,,,,,,,,,,,,,,,,,,,,,,,,,,,,,,,,,,,,,,,,,,,,,,,,,,,108,67,162,90,62,92,84,94,110,114,71,,,,,,,,,,,,,,,,,,0,,,
1,1009535,1944,Hal Newhouser,DET,23,29,9,7.3,2.22,47,34,25,6,2,,312.1,1271,264,94,77,6,102,,1,4,2,187,,,,,,,,,,,,5.39,2.94,1.83,7.61,0.17,0.226,1.17,0.265,0.7609999999999999,2.58,,,,,,,,,,,,,62.9,,,,,,,,,,,,,,,,,,,,,,,,,,,,,,,,,,,,,,,,,,,,,,,,,,,,,,,,,,61,72,,0.147,0.08,,,-0.36,,,,,,,,,,,,,,,,,,,,,,,,,,,,,,,,,,,,,,,,,,,,,,,,,,,,,,,,,,,,,,,,,,,,,,,,,,,,,,,,,,,,,,,,9.5,0.8,1.3,2.1,23 - 23,0.067,,,,,,,2.75,0.23199999999999998,,,,,,,,,,,,,,,,,,,,,,,,,,,,,,,,,,,,,,,,,,,,,,,,,,,,,,,,,,,,,,,,,,,,,,,,,,,,158,92,171,85,47,89,87,97,109,165,97,,,,,,,,,,,,,,,,,,0,,,
25,1010646,1944,Ken Raffensberger,PHI,26,13,20,6.3,3.06,37,31,18,3,0,,258.2,1091,257,101,88,9,45,,2,1,1,136,,,,,,,,,,,,4.73,1.57,3.02,8.94,0.31,0.246,1.17,0.276,0.6970000000000001,2.49,,,,,,,,,,,,,55.8,,,,,,,,,,,,,,,,,,,,,,,,,,,,,,,,,,,,,,,,,,,,,,,,,,,,,,,,,,86,70,,0.125,0.040999999999999995,,,0.58,,,,,,,,,,,,,,,,,,,,,,,,,,,,,,,,,,,,,,,,,,,,,,,,,,,,,,,,,,,,,,,,,,,,,,,,,,,,,,,,,,,,,,,,4.9,-0.5,-1.0,-1.4,26 - 26,0.083,,,,,,,2.55,0.174,,,,,,,,,,,,,,,,,,,,,,,,,,,,,,,,,,,,,,,,,,,,,,,,,,,,,,,,,,,,,,,,,,,,,,,,,,,,150,49,306,99,68,96,86,102,101,152,50,,,,,,,,,,,,,,,,,,0,,,
7,1007137,1944,Jack Kramer,SLB,26,17,13,5.9,2.49,33,31,18,1,0,,257.0,1058,233,94,71,3,75,,1,2,2,124,,,,,,,,,,,,4.34,2.63,1.65,8.16,0.11,0.237,1.2,0.269,0.705,2.61,,,,,,,,,,,,,50.2,,,,,,,,,,,,,,,,,,,,,,,,,,,,,,,,,,,,,,,,,,,,,,,,,,,,,,,,,,70,74,,0.11699999999999999,0.071,,,-0.13,,,,,,,,,,,,,,,,,,,,,,,,,,,,,,,,,,,,,,,,,,,,,,,,,,,,,,,,,,,,,,,,,,,,,,,,,,,,,,,,,,,,,,,,5.7,0.4,-0.6,-0.2,26 - 26,0.046,,,,,,,2.99,0.191,,,,,,,,,,,,,,,,,,,,,,,,,,,,,,,,,,,,,,,,,,,,,,,,,,,,,,,,,,,,,,,,,,,,,,,,,,,,127,83,154,91,28,93,89,98,101,132,86,,,,,,,,,,,,,,,,,,0,,,
12,1007325,1944,Max Lanier,STL,28,17,12,5.5,2.65,33,30,16,5,0,,224.1,908,192,82,66,5,71,,3,0,0,141,,,,,,,,,,,,5.66,2.85,1.99,7.7,0.2,0.23,1.17,0.272,0.71,2.56,,,,,,,,,,,,,48.5,,,,,,,,,,,,,,,,,,,,,,,,,,,,,,,,,,,,,,,,,,,,,,,,,,,,,,,,,,73,70,,0.155,0.078,,,0.09,,,,,,,,,,,,,,,,,,,,,,,,,,,,,,,,,,,,,,,,,,,,,,,,,,,,,,,,,,,,,,,,,,,,,,,,,,,,,,,,,,,,,,,,5.2,-0.1,-0.2,-0.3,28 - 28,0.077,,,,,,,2.63,0.239,,,,,,,,,,,,,,,,,,,,,,,,,,,,,,,,,,,,,,,,,,,,,,,,,,,,,,,,,,,,,,,,,,,,,,,,,,,,179,89,201,85,43,90,86,101,103,190,94,,,,,,,,,,,,,,,,,,0,,,
6,1002598,1944,Mort Cooper,STL,31,22,7,5.3,2.46,34,33,22,7,1,,252.1,1023,227,74,69,6,60,,5,0,1,97,,,,,,,,,,,,3.46,2.14,1.62,8.1,0.21,0.237,1.14,0.258,0.769,2.85,,,,,,,,,,,,,47.0,,,,,,,,,,,,,,,,,,,,,,,,,,,,,,,,,,,,,,,,,,,,,,,,,,,,,,,,,,68,78,,0.095,0.059000000000000004,,,-0.39,,,,,,,,,,,,,,,,,,,,,,,,,,,,,,,,,,,,,,,,,,,,,,,,,,,,,,,,,,,,,,,,,,,,,,,,,,,,,,,,,,,,,,,,8.2,0.9,2.1,2.9,31 - 31,0.036000000000000004,,,,,,,3.12,0.159,,,,,,,,,,,,,,,,,,,,,,,,,,,,,,,,,,,,,,,,,,,,,,,,,,,,,,,,,,,,,,,,,,,,,,,,,,,,109,67,164,90,46,93,84,96,111,116,71,,,,,,,,,,,,,,,,,,0,,,
2,1006169,1944,Tex Hughson,BOS,28,18,5,5.3,2.26,28,23,19,2,5,,203.1,814,172,57,51,4,41,,2,0,1,112,,,,,,,,,,,,4.96,1.81,2.73,7.61,0.18,0.223,1.05,0.256,0.755,2.33,,,,,,,,,,,,,44.8,,,,,,,,,,,,,,,,,,,,,,,,,,,,,,,,,,,,,,,,,,,,,,,,,,,,,,,,,,64,67,,0.138,0.05,,,-0.07,,,,,,,,,,,,,,,,,,,,,,,,,,,,,,,,,,,,,,,,,,,,,,,,,,,,,,,,,,,,,,,,,,,,,,,,,,,,,,,,,,,,,,,,6.6,1.0,0.2,1.3,28 - 28,0.087,,,,,,,2.5,0.193,,,,,,,,,,,,,,,,,,,,,,,,,,,,,,,,,,,,,,,,,,,,,,,,,,,,,,,,,,,,,,,,,,,,,,,,,,,,145,57,254,85,48,87,78,94,108,155,61,,,,,,,,,,,,,,,,,,0,,,
14,1009546,1944,Bobo Newsom,PHA,36,13,15,4.5,2.82,37,33,18,2,1,,265.0,1095,243,100,83,11,82,,4,8,0,142,,,,,,,,,,,,4.82,2.78,1.73,8.25,0.37,0.241,1.23,0.271,0.73,2.98,,,,,,,,,,,,,39.6,,,,,,,,,,,,,,,,,,,,,,,,,,,,,,,,,,,,,,,,,,,,,,,,,,,,,,,,,,82,86,,0.13,0.075,,,-0.16,,,,,,,,,,,,,,,,,,,,,,,,,,,,,,,,,,,,,,,,,,,,,,,,,,,,,,,,,,,,,,,,,,,,,,,,,,,,,,,,,,,,,,,,5.2,0.2,0.5,0.7,36 - 36,0.055,,,,,,,2.89,0.215,,,,,,,,,,,,,,,,,,,,,,,,,,,,,,,,,,,,,,,,,,,,,,,,,,,,,,,,,,,,,,,,,,,,,,,,,,,,141,87,161,92,101,94,91,99,105,146,90,,,,,,,,,,,,,,,,,,0,,,
33,1014315,1944,Hank Wyse,CHC,26,16,15,4.4,3.15,41,34,14,3,1,,257.1,1068,277,113,90,9,57,,2,2,0,86,,,,,,,,,,,,3.01,1.99,1.51,9.69,0.31,0.275,1.3,0.293,0.69,3.01,,,,,,,,,,,,,40.2,,,,,,,,,,,,,,,,,,,,,,,,,,,,,,,,,,,,,,,,,,,,,,,,,,,,,,,,,,89,85,,0.081,0.053,,,0.13,,,,,,,,,,,,,,,,,,,,,,,,,,,,,,,,,,,,,,,,,,,,,,,,,,,,,,,,,,,,,,,,,,,,,,,,,,,,,,,,,,,,,,,,3.4,-1.8,0.7,-1.0,26 - 26,0.027000000000000003,,,,,,,3.22,0.142,,,,,,,,,,,,,,,,,,,,,,,,,,,,,,,,,,,,,,,,,,,,,,,,,,,,,,,,,,,,,,,,,,,,,,,,,,,,95,62,153,107,68,107,96,109,100,99,64,,,,,,,,,,,,,,,,,,0,,,
26,1009911,1944,Stubby Overmire,DET,25,11,11,4.4,3.07,32,28,11,3,1,,199.2,845,214,84,68,2,41,,2,2,1,57,,,,,,,,,,,,2.57,1.85,1.39,9.65,0.09,0.267,1.28,0.285,0.6809999999999999,2.74,,,,,,,,,,,,,37.8,,,,,,,,,,,,,,,,,,,,,,,,,,,,,,,,,,,,,,,,,,,,,,,,,,,,,,,,,,85,76,,0.067,0.049,,,0.32,,,,,,,,,,,,,,,,,,,,,,,,,,,,,,,,,,,,,,,,,,,,,,,,,,,,,,,,,,,,,,,,,,,,,,,,,,,,,,,,,,,,,,,,3.3,-0.7,-0.4,-1.0,25 - 25,0.019,,,,,,,3.32,0.11800000000000001,,,,,,,,,,,,,,,,,,,,,,,,,,,,,,,,,,,,,,,,,,,,,,,,,,,,,,,,,,,,,,,,,,,,,,,,,,,,75,58,129,108,24,105,95,104,98,76,59,,,,,,,,,,,,,,,,,,0,,,
17,1010046,1944,Claude Passeau,CHC,35,15,9,4.2,2.89,34,27,18,2,3,,227.0,943,234,80,73,8,50,,1,3,0,89,,,,,,,,,,,,3.53,1.98,1.78,9.28,0.32,0.262,1.25,0.284,0.7490000000000001,2.89,,,,,,,,,,,,,38.3,,,,,,,,,,,,,,,,,,,,,,,,,,,,,,,,,,,,,,,,,,,,,,,,,,,,,,,,,,82,82,,0.094,0.053,,,0.01,,,,,,,,,,,,,,,,,,,,,,,,,,,,,,,,,,,,,,,,,,,,,,,,,,,,,,,,,,,,,,,,,,,,,,,,,,,,,,,,,,,,,,,,5.3,-1.0,2.0,1.0,35 - 35,0.040999999999999995,,,,,,,3.05,0.156,,,,,,,,,,,,,,,,,,,,,,,,,,,,,,,,,,,,,,,,,,,,,,,,,,,,,,,,,,,,,,,,,,,,,,,,,,,,112,62,180,103,68,103,92,105,109,115,64,,,,,,,,,,,,,,,,,,0,,,
15,1010471,1944,Nels Potter,SLB,32,19,7,4.1,2.83,32,29,16,3,0,,232.0,955,211,79,73,6,70,,1,4,1,91,,,,,,,,,,,,3.53,2.72,1.3,8.19,0.23,0.239,1.21,0.26,0.742,3.01,,,,,,,,,,,,,36.0,,,,,,,,,,,,,,,,,,,,,,,,,,,,,,,,,,,,,,,,,,,,,,,,,,,,,,,,,,80,85,,0.095,0.073,,,-0.18,,,,,,,,,,,,,,,,,,,,,,,,,,,,,,,,,,,,,,,,,,,,,,,,,,,,,,,,,,,,,,,,,,,,,,,,,,,,,,,,,,,,,,,,5.8,0.9,0.8,1.7,32 - 32,0.022000000000000002,,,,,,,3.29,0.175,,,,,,,,,,,,,,,,,,,,,,,,,,,,,,,,,,,,,,,,,,,,,,,,,,,,,,,,,,,,,,,,,,,,,,,,,,,,103,85,121,91,63,94,90,95,106,107,88,,,,,,,,,,,,,,,,,,0,,,
13,1009883,1944,Fritz Ostermueller,- - -,36,13,8,4.1,2.81,38,28,17,1,2,,246.1,1047,247,96,77,10,77,,1,6,0,97,,,,,,,,,,,,3.54,2.81,1.26,9.02,0.37,0.255,1.32,0.275,0.736,3.23,,,,,,,,,,,,,37.3,,,,,,,,,,,,,,,,,,,,,,,,,,,,,,,,,,,,,,,,,,,,,,,,,,,,,,,,,,76,87,,0.09300000000000001,0.07400000000000001,,,-0.42,,,,,,,,,,,,,,,,,,,,,,,,,,,,,,,,,,,,,,,,,,,,,,,,,,,,,,,,,,,,,,,,,,,,,,,,,,,,,,,,,,,,,,,,5.1,-0.3,1.4,1.1,36 - 36,0.019,,,,,,,3.32,0.17600000000000002,,,,,,,,,,,,,,,,,,,,,,,,,,,,,,,,,,,,,,,,,,,,,,,,,,,,,,,,,,,,,,,,,,,,,,,,,,,,112,88,128,100,79,100,97,102,107,113,89,,,,,,,,,,,,,,,,,,0,,,
16,1001375,1944,Harry Brecheen,STL,29,16,5,3.6,2.85,30,22,13,3,0,,189.1,774,174,67,60,8,46,,3,3,2,88,,,,,,,,,,,,4.18,2.19,1.91,8.27,0.38,0.24,1.16,0.264,0.737,2.94,,,,,,,,,,,,,32.7,,,,,,,,,,,,,,,,,,,,,,,,,,,,,,,,,,,,,,,,,,,,,,,,,,,,,,,,,,79,81,,0.114,0.059000000000000004,,,-0.08,,,,,,,,,,,,,,,,,,,,,,,,,,,,,,,,,,,,,,,,,,,,,,,,,,,,,,,,,,,,,,,,,,,,,,,,,,,,,,,,,,,,,,,,4.5,0.3,0.6,0.9,29 - 29,0.054000000000000006,,,,,,,2.9,0.183,,,,,,,,,,,,,,,,,,,,,,,,,,,,,,,,,,,,,,,,,,,,,,,,,,,,,,,,,,,,,,,,,,,,,,,,,,,,132,68,194,92,82,94,86,98,107,139,72,,,,,,,,,,,,,,,,,,0,,,
29,1012622,1944,Nick Strincevich,PIT,29,14,7,3.6,3.08,40,26,11,0,2,,190.0,802,190,86,65,5,37,,4,0,0,47,,,,,,,,,,,,2.23,1.75,1.27,9.0,0.24,0.25,1.19,0.261,0.647,3.03,,,,,,,,,,,,,32.7,,,,,,,,,,,,,,,,,,,,,,,,,,,,,,,,,,,,,,,,,,,,,,,,,,,,,,,,,,83,81,,0.059000000000000004,0.046,,,0.04,,,,,,,,,,,,,,,,,,,,,,,,,,,,,,,,,,,,,,,,,,,,,,,,,,,,,,,,,,,,,,,,,,,,,,,,,,,,,,,,,,,,,,,,2.6,0.5,-1.5,-1.0,29 - 29,0.012,,,,,,,3.4,0.111,,,,,,,,,,,,,,,,,,,,,,,,,,,,,,,,,,,,,,,,,,,,,,,,,,,,,,,,,,,,,,,,,,,,,,,,,,,,70,55,129,100,51,98,88,97,94,72,56,,,,,,,,,,,,,,,,,,0,,,
5,1013583,1944,Bucky Walters,CIN,35,23,8,3.5,2.4,34,32,27,6,1,,285.0,1162,233,92,76,10,87,,4,2,0,77,,,,,,,,,,,,2.43,2.75,0.89,7.36,0.32,0.218,1.12,0.227,0.748,3.41,,,,,,,,,,,,,32.9,,,,,,,,,,,,,,,,,,,,,,,,,,,,,,,,,,,,,,,,,,,,,,,,,,,,,,,,,,68,97,,0.066,0.075,,,-1.01,,,,,,,,,,,,,,,,,,,,,,,,,,,,,,,,,,,,,,,,,,,,,,,,,,,,,,,,,,,,,,,,,,,,,,,,,,,,,,,,,,,,,,,,7.9,3.7,0.7,4.3,35 - 35,-0.009000000000000001,,,,,,,3.65,0.15,,,,,,,,,,,,,,,,,,,,,,,,,,,,,,,,,,,,,,,,,,,,,,,,,,,,,,,,,,,,,,,,,,,,,,,,,,,,77,86,90,82,68,85,83,84,108,81,90,,,,,,,,,,,,,,,,,,0,,,
28,1009317,1944,Bob Muncrief,SLB,28,13,8,3.5,3.08,33,27,12,3,1,,219.1,905,216,83,75,11,50,,3,3,0,88,,,,,,,,,,,,3.61,2.05,1.76,8.86,0.45,0.254,1.21,0.272,0.733,3.11,,,,,,,,,,,,,31.3,,,,,,,,,,,,,,,,,,,,,,,,,,,,,,,,,,,,,,,,,,,,,,,,,,,,,,,,,,87,88,,0.09699999999999999,0.055,,,-0.04,,,,,,,,,,,,,,,,,,,,,,,,,,,,,,,,,,,,,,,,,,,,,,,,,,,,,,,,,,,,,,,,,,,,,,,,,,,,,,,,,,,,,,,,4.4,0.1,0.8,0.9,28 - 28,0.042,,,,,,,3.05,0.165,,,,,,,,,,,,,,,,,,,,,,,,,,,,,,,,,,,,,,,,,,,,,,,,,,,,,,,,,,,,,,,,,,,,,,,,,,,,106,64,164,99,122,99,90,99,105,109,67,,,,,,,,,,,,,,,,,,0,,,
35,1011768,1944,Rip Sewell,PIT,37,21,12,3.4,3.18,38,33,24,3,2,,286.0,1218,263,112,101,15,99,,3,1,1,87,,,,,,,,,,,,2.74,3.12,0.88,8.28,0.47,0.236,1.27,0.245,0.735,3.68,,,,,,,,,,,,,31.8,,,,,,,,,,,,,,,,,,,,,,,,,,,,,,,,,,,,,,,,,,,,,,,,,,,,,,,,,,85,98,,0.071,0.081,,,-0.5,,,,,,,,,,,,,,,,,,,,,,,,,,,,,,,,,,,,,,,,,,,,,,,,,,,,,,,,,,,,,,,,,,,,,,,,,,,,,,,,,,,,,,,,6.1,2.1,0.7,2.7,37 - 37,-0.01,,,,,,,3.67,0.165,,,,,,,,,,,,,,,,,,,,,,,,,,,,,,,,,,,,,,,,,,,,,,,,,,,,,,,,,,,,,,,,,,,,,,,,,,,,87,97,89,92,102,92,93,91,107,87,98,,,,,,,,,,,,,,,,,,0,,,
24,1007533,1944,Dutch Leonard,WAS,35,14,14,3.4,3.06,32,31,17,3,0,,229.1,936,222,97,78,8,37,,3,9,1,62,,,,,,,,,,,,2.43,1.45,1.68,8.71,0.31,0.248,1.13,0.259,0.6579999999999999,2.98,,,,,,,,,,,,,30.7,,,,,,,,,,,,,,,,,,,,,,,,,,,,,,,,,,,,,,,,,,,,,,,,,,,,,,,,,,93,90,,0.066,0.04,,,0.09,,,,,,,,,,,,,,,,,,,,,,,,,,,,,,,,,,,,,,,,,,,,,,,,,,,,,,,,,,,,,,,,,,,,,,,,,,,,,,,,,,,,,,,,2.8,1.1,-1.7,-0.6,35 - 35,0.027000000000000003,,,,,,,3.23,0.114,,,,,,,,,,,,,,,,,,,,,,,,,,,,,,,,,,,,,,,,,,,,,,,,,,,,,,,,,,,,,,,,,,,,,,,,,,,,71,46,156,97,85,97,84,94,94,74,48,,,,,,,,,,,,,,,,,,0,,,
30,1011122,1944,Preacher Roe,PIT,29,13,11,3.4,3.11,39,25,7,1,1,,185.1,793,182,82,64,7,59,,2,1,0,88,,,,,,,,,,,,4.27,2.87,1.49,8.84,0.34,0.249,1.3,0.275,0.69,3.07,,,,,,,,,,,,,31.2,,,,,,,,,,,,,,,,,,,,,,,,,,,,,,,,,,,,,,,,,,,,,,,,,,,,,,,,,,83,82,,0.111,0.07400000000000001,,,0.04,,,,,,,,,,,,,,,,,,,,,,,,,,,,,,,,,,,,,,,,,,,,,,,,,,,,,,,,,,,,,,,,,,,,,,,,,,,,,,,,,,,,,,,,2.8,-0.2,-0.4,-0.7,29 - 29,0.037000000000000005,,,,,,,3.11,0.19399999999999998,,,,,,,,,,,,,,,,,,,,,,,,,,,,,,,,,,,,,,,,,,,,,,,,,,,,,,,,,,,,,,,,,,,,,,,,,,,,135,89,151,98,73,97,96,102,100,136,90,,,,,,,,,,,,,,,,,,0,,,
36,1000259,1944,Nate Andrews,BSN,30,16,15,3.2,3.22,37,34,16,2,2,,257.1,1095,263,106,92,14,74,,2,2,0,76,,,,,,,,,,,,2.66,2.59,1.03,9.2,0.49,0.258,1.31,0.268,0.7290000000000001,3.54,,,,,,,,,,,,,29.5,,,,,,,,,,,,,,,,,,,,,,,,,,,,,,,,,,,,,,,,,,,,,,,,,,,,,,,,,,89,97,,0.069,0.068,,,-0.32,,,,,,,,,,,,,,,,,,,,,,,,,,,,,,,,,,,,,,,,,,,,,,,,,,,,,,,,,,,,,,,,,,,,,,,,,,,,,,,,,,,,,,,,4.6,0.1,1.3,1.4,30 - 30,0.002,,,,,,,3.53,0.15,,,,,,,,,,,,,,,,,,,,,,,,,,,,,,,,,,,,,,,,,,,,,,,,,,,,,,,,,,,,,,,,,,,,,,,,,,,,84,81,104,102,106,101,96,99,106,85,82,,,,,,,,,,,,,,,,,,0,,,
51,1006369,1944,Al Javery,BSN,26,10,19,3.2,3.54,40,33,11,3,3,,254.0,1089,248,119,100,12,118,,2,0,1,137,,,,,,,,,,,,4.85,4.18,1.16,8.79,0.43,0.256,1.44,0.288,0.7090000000000001,3.49,,,,,,,,,,,,,29.9,,,,,,,,,,,,,,,,,,,,,,,,,,,,,,,,,,,,,,,,,,,,,,,,,,,,,,,,,,98,96,,0.126,0.10800000000000001,,,0.05,,,,,,,,,,,,,,,,,,,,,,,,,,,,,,,,,,,,,,,,,,,,,,,,,,,,,,,,,,,,,,,,,,,,,,,,,,,,,,,,,,,,,,,,2.9,-1.2,0.8,-0.3,26 - 26,0.017,,,,,,,3.34,0.245,,,,,,,,,,,,,,,,,,,,,,,,,,,,,,,,,,,,,,,,,,,,,,,,,,,,,,,,,,,,,,,,,,,,,,,,,,,,154,130,118,97,92,100,106,107,103,154,131,,,,,,,,,,,,,,,,,,0,,,
18,1002222,1944,Russ Christopher,PHA,26,14,14,3.1,2.97,35,24,13,1,1,,215.1,903,200,91,71,6,63,,9,5,1,84,,,,,,,,,,,,3.51,2.63,1.33,8.36,0.25,0.241,1.22,0.262,0.687,3.12,,,,,,,,,,,,,27.8,,,,,,,,,,,,,,,,,,,,,,,,,,,,,,,,,,,,,,,,,,,,,,,,,,,,,,,,,,86,91,,0.09300000000000001,0.07,,,-0.16,,,,,,,,,,,,,,,,,,,,,,,,,,,,,,,,,,,,,,,,,,,,,,,,,,,,,,,,,,,,,,,,,,,,,,,,,,,,,,,,,,,,,,,,3.0,0.8,-0.9,-0.1,26 - 26,0.023,,,,,,,3.27,0.16899999999999998,,,,,,,,,,,,,,,,,,,,,,,,,,,,,,,,,,,,,,,,,,,,,,,,,,,,,,,,,,,,,,,,,,,,,,,,,,,,103,83,124,93,68,94,91,95,98,105,84,,,,,,,,,,,,,,,,,,0,,,
31,1001763,1944,Max Butcher,PIT,33,13,11,3.1,3.12,35,27,13,5,1,,199.0,854,216,83,69,8,46,,1,2,0,43,,,,,,,,,,,,1.94,2.08,0.93,9.77,0.36,0.268,1.32,0.275,0.715,3.34,,,,,,,,,,,,,28.7,,,,,,,,,,,,,,,,,,,,,,,,,,,,,,,,,,,,,,,,,,,,,,,,,,,,,,,,,,84,89,,0.05,0.054000000000000006,,,-0.22,,,,,,,,,,,,,,,,,,,,,,,,,,,,,,,,,,,,,,,,,,,,,,,,,,,,,,,,,,,,,,,,,,,,,,,,,,,,,,,,,,,,,,,,3.6,-0.3,0.8,0.5,33 - 33,-0.004,,,,,,,3.59,0.114,,,,,,,,,,,,,,,,,,,,,,,,,,,,,,,,,,,,,,,,,,,,,,,,,,,,,,,,,,,,,,,,,,,,,,,,,,,,62,65,95,108,78,105,97,102,104,62,65,,,,,,,,,,,,,,,,,,0,,,
8,1005080,1944,Steve Gromek,CLE,24,10,9,3.1,2.56,35,21,12,2,1,,203.2,820,160,74,58,5,70,,3,2,0,115,,,,,,,,,,,,5.08,3.09,1.64,7.07,0.22,0.214,1.13,0.247,0.7040000000000001,2.8,,,,,,,,,,,,,27.4,,,,,,,,,,,,,,,,,,,,,,,,,,,,,,,,,,,,,,,,,,,,,,,,,,,,,,,,,,79,87,,0.14,0.085,,,-0.24,,,,,,,,,,,,,,,,,,,,,,,,,,,,,,,,,,,,,,,,,,,,,,,,,,,,,,,,,,,,,,,,,,,,,,,,,,,,,,,,,,,,,,,,3.5,1.5,-1.1,0.4,24 - 24,0.055,,,,,,,2.89,0.23199999999999998,,,,,,,,,,,,,,,,,,,,,,,,,,,,,,,,,,,,,,,,,,,,,,,,,,,,,,,,,,,,,,,,,,,,,,,,,,,,149,97,153,79,60,84,84,90,101,158,103,,,,,,,,,,,,,,,,,,0,,,
3,1009596,1944,Johnny Niggeling,WAS,40,10,8,3.0,2.32,24,24,14,2,0,,206.0,848,164,65,53,5,88,,4,5,0,121,,,,,,,,,,,,5.29,3.84,1.38,7.17,0.22,0.217,1.22,0.252,0.767,3.02,,,,,,,,,,,,,26.7,,,,,,,,,,,,,,,,,,,,,,,,,,,,,,,,,,,,,,,,,,,,,,,,,,,,,,,,,,70,92,,0.14300000000000002,0.10400000000000001,,,-0.7,,,,,,,,,,,,,,,,,,,,,,,,,,,,,,,,,,,,,,,,,,,,,,,,,,,,,,,,,,,,,,,,,,,,,,,,,,,,,,,,,,,,,,,,5.3,1.2,1.1,2.4,40 - 40,0.039,,,,,,,3.08,0.252,,,,,,,,,,,,,,,,,,,,,,,,,,,,,,,,,,,,,,,,,,,,,,,,,,,,,,,,,,,,,,,,,,,,,,,,,,,,155,121,128,80,59,85,91,92,110,160,125,,,,,,,,,,,,,,,,,,0,,,
20,1013089,1944,Jim Tobin,BSN,31,18,19,2.9,3.01,43,36,28,5,3,,299.1,1249,271,125,100,18,97,,1,5,1,83,,,,,,,,,,,,2.5,2.92,0.86,8.15,0.54,0.235,1.23,0.241,0.71,3.75,,,,,,,,,,,,,27.3,,,,,,,,,,,,,,,,,,,,,,,,,,,,,,,,,,,,,,,,,,,,,,,,,,,,,,,,,,83,103,,0.066,0.078,,,-0.74,,,,,,,,,,,,,,,,,,,,,,,,,,,,,,,,,,,,,,,,,,,,,,,,,,,,,,,,,,,,,,,,,,,,,,,,,,,,,,,,,,,,,,,,5.1,2.4,-0.3,2.2,31 - 31,-0.011000000000000001,,,,,,,3.69,0.159,,,,,,,,,,,,,,,,,,,,,,,,,,,,,,,,,,,,,,,,,,,,,,,,,,,,,,,,,,,,,,,,,,,,,,,,,,,,79,91,87,90,117,92,90,89,103,81,94,,,,,,,,,,,,,,,,,,0,,,
57,1005100,1944,Orval Grove,CHW,24,14,15,2.9,3.72,34,33,11,2,0,,234.2,1006,237,112,97,11,71,,8,8,0,105,,,,,,,,,,,,4.03,2.72,1.48,9.09,0.42,0.256,1.31,0.279,0.679,3.26,,,,,,,,,,,,,26.3,,,,,,,,,,,,,,,,,,,,,,,,,,,,,,,,,,,,,,,,,,,,,,,,,,,,,,,,,,110,97,,0.10400000000000001,0.071,,,0.46,,,,,,,,,,,,,,,,,,,,,,,,,,,,,,,,,,,,,,,,,,,,,,,,,,,,,,,,,,,,,,,,,,,,,,,,,,,,,,,,,,,,,,,,1.7,-0.3,-0.9,-1.2,24 - 24,0.034,,,,,,,3.15,0.18600000000000003,,,,,,,,,,,,,,,,,,,,,,,,,,,,,,,,,,,,,,,,,,,,,,,,,,,,,,,,,,,,,,,,,,,,,,,,,,,,118,86,138,102,114,100,97,102,97,117,85,,,,,,,,,,,,,,,,,,0,,,
11,1013962,1944,Ted Wilks,STL,28,17,4,2.8,2.64,36,21,16,4,0,,207.2,820,173,61,61,12,49,,1,1,0,70,,,,,,,,,,,,3.03,2.12,1.43,7.5,0.52,0.225,1.07,0.234,0.7859999999999999,3.34,,,,,,,,,,,,,26.0,,,,,,,,,,,,,,,,,,,,,,,,,,,,,,,,,,,,,,,,,,,,,,,,,,,,,,,,,,73,92,,0.085,0.06,,,-0.7,,,,,,,,,,,,,,,,,,,,,,,,,,,,,,,,,,,,,,,,,,,,,,,,,,,,,,,,,,,,,,,,,,,,,,,,,,,,,,,,,,,,,,,,6.4,2.1,1.5,3.6,28 - 28,0.026000000000000002,,,,,,,3.24,0.16,,,,,,,,,,,,,,,,,,,,,,,,,,,,,,,,,,,,,,,,,,,,,,,,,,,,,,,,,,,,,,,,,,,,,,,,,,,,96,66,145,83,112,88,79,87,114,104,72,,,,,,,,,,,,,,,,,,0,,,
27,1005141,1944,Harry Gumbert,- - -,34,14,10,2.8,3.07,34,26,14,2,3,,216.2,908,217,84,74,8,59,,2,0,0,56,,,,,,,,,,,,2.33,2.45,0.95,9.01,0.33,0.256,1.27,0.267,0.727,3.35,,,,,,,,,,,,,26.4,,,,,,,,,,,,,,,,,,,,,,,,,,,,,,,,,,,,,,,,,,,,,,,,,,,,,,,,,,87,94,,0.062,0.065,,,-0.27,,,,,,,,,,,,,,,,,,,,,,,,,,,,,,,,,,,,,,,,,,,,,,,,,,,,,,,,,,,,,,,,,,,,,,,,,,,,,,,,,,,,,,,,4.1,0.2,1.1,1.3,34 - 34,-0.003,,,,,,,3.59,0.135,,,,,,,,,,,,,,,,,,,,,,,,,,,,,,,,,,,,,,,,,,,,,,,,,,,,,,,,,,,,,,,,,,,,,,,,,,,,74,76,96,100,72,100,94,99,105,75,78,,,,,,,,,,,,,,,,,,0,,,
23,1005189,1944,Mickey Haefner,WAS,31,12,15,2.8,3.04,31,28,18,3,1,,228.0,974,221,94,77,7,71,,4,0,1,86,,,,,,,,,,,,3.39,2.8,1.21,8.72,0.28,0.246,1.28,0.266,0.706,3.17,,,,,,,,,,,,,25.4,,,,,,,,,,,,,,,,,,,,,,,,,,,,,,,,,,,,,,,,,,,,,,,,,,,,,,,,,,92,96,,0.08800000000000001,0.073,,,-0.13,,,,,,,,,,,,,,,,,,,,,,,,,,,,,,,,,,,,,,,,,,,,,,,,,,,,,,,,,,,,,,,,,,,,,,,,,,,,,,,,,,,,,,,,3.1,0.6,-0.4,0.3,31 - 31,0.015,,,,,,,3.37,0.168,,,,,,,,,,,,,,,,,,,,,,,,,,,,,,,,,,,,,,,,,,,,,,,,,,,,,,,,,,,,,,,,,,,,,,,,,,,,99,88,113,97,75,96,95,97,101,99,88,,,,,,,,,,,,,,,,,,0,,,
50,1008757,1944,Rube Melton,BRO,27,9,13,2.8,3.46,37,23,6,1,0,,187.1,822,178,92,72,1,96,,2,6,1,91,,,,,,,,,,,,4.37,4.61,0.95,8.55,0.05,0.246,1.46,0.28,0.67,3.21,,,,,,,,,,,,,26.3,,,,,,,,,,,,,,,,,,,,,,,,,,,,,,,,,,,,,,,,,,,,,,,,,,,,,,,,,,96,88,,0.111,0.11699999999999999,,,0.25,,,,,,,,,,,,,,,,,,,,,,,,,,,,,,,,,,,,,,,,,,,,,,,,,,,,,,,,,,,,,,,,,,,,,,,,,,,,,,,,,,,,,,,,1.5,-0.5,-0.8,-1.3,27 - 27,-0.006,,,,,,,3.62,0.22899999999999998,,,,,,,,,,,,,,,,,,,,,,,,,,,,,,,,,,,,,,,,,,,,,,,,,,,,,,,,,,,,,,,,,,,,,,,,,,,,138,144,96,95,10,96,108,104,97,135,141,,,,,,,,,,,,,,,,,,0,,,
62,1004890,1944,Johnny Gorsica,DET,29,6,14,2.8,4.11,34,19,8,1,4,,162.0,696,192,88,74,5,32,,4,1,1,47,,,,,,,,,,,,2.61,1.78,1.47,10.67,0.28,0.291,1.38,0.308,0.633,3.03,,,,,,,,,,,,,24.6,,,,,,,,,,,,,,,,,,,,,,,,,,,,,,,,,,,,,,,,,,,,,,,,,,,,,,,,,,114,84,,0.068,0.046,,,1.08,,,,,,,,,,,,,,,,,,,,,,,,,,,,,,,,,,,,,,,,,,,,,,,,,,,,,,,,,,,,,,,,,,,,,,,,,,,,,,,,,,,,,,,,0.4,-1.6,-0.7,-2.3,29 - 29,0.022000000000000002,,,,,,,3.29,0.121,,,,,,,,,,,,,,,,,,,,,,,,,,,,,,,,,,,,,,,,,,,,,,,,,,,,,,,,,,,,,,,,,,,,,,,,,,,,76,56,137,119,75,114,103,112,91,76,55,,,,,,,,,,,,,,,,,,0,,,
37,1003154,1944,Tommy de la Cruz,CIN,32,9,9,2.7,3.25,34,20,9,0,1,,191.1,770,170,73,69,9,45,,1,0,0,65,,,,,,,,,,,,3.06,2.12,1.44,8.0,0.42,0.235,1.12,0.248,0.703,3.19,,,,,,,,,,,,,24.7,,,,,,,,,,,,,,,,,,,,,,,,,,,,,,,,,,,,,,,,,,,,,,,,,,,,,,,,,,92,90,,0.084,0.057999999999999996,,,0.05,,,,,,,,,,,,,,,,,,,,,,,,,,,,,,,,,,,,,,,,,,,,,,,,,,,,,,,,,,,,,,,,,,,,,,,,,,,,,,,,,,,,,,,,3.6,1.2,-0.3,0.9,32 - 32,0.026000000000000002,,,,,,,3.24,0.155,,,,,,,,,,,,,,,,,,,,,,,,,,,,,,,,,,,,,,,,,,,,,,,,,,,,,,,,,,,,,,,,,,,,,,,,,,,,97,66,146,89,91,92,83,92,102,103,71,,,,,,,,,,,,,,,,,,0,,,
46,1014309,1944,Early Wynn,WAS,24,8,17,2.7,3.38,33,25,19,2,2,,207.2,883,221,97,78,3,67,,2,2,0,65,,,,,,,,,,,,2.82,2.9,0.97,9.58,0.13,0.271,1.39,0.292,0.675,3.1,,,,,,,,,,,,,24.1,,,,,,,,,,,,,,,,,,,,,,,,,,,,,,,,,,,,,,,,,,,,,,,,,,,,,,,,,,102,94,,0.07400000000000001,0.076,,,0.28,,,,,,,,,,,,,,,,,,,,,,,,,,,,,,,,,,,,,,,,,,,,,,,,,,,,,,,,,,,,,,,,,,,,,,,,,,,,,,,,,,,,,,,,1.4,-1.1,-0.1,-1.3,24 - 24,-0.002,,,,,,,3.58,0.153,,,,,,,,,,,,,,,,,,,,,,,,,,,,,,,,,,,,,,,,,,,,,,,,,,,,,,,,,,,,,,,,,,,,,,,,,,,,82,91,90,107,35,106,103,107,97,83,92,,,,,,,,,,,,,,,,,,0,,,
42,1011520,1944,Charley Schanz,PHI,25,13,16,2.6,3.32,40,30,13,1,3,,241.1,1040,231,108,89,6,103,,6,5,2,84,,,,,,,,,,,,3.13,3.84,0.82,8.61,0.22,0.248,1.38,0.268,0.7,3.52,,,,,,,,,,,,,24.8,,,,,,,,,,,,,,,,,,,,,,,,,,,,,,,,,,,,,,,,,,,,,,,,,,,,,,,,,,93,99,,0.081,0.099,,,-0.2,,,,,,,,,,,,,,,,,,,,,,,,,,,,,,,,,,,,,,,,,,,,,,,,,,,,,,,,,,,,,,,,,,,,,,,,,,,,,,,,,,,,,,,,3.0,0.2,0.2,0.3,25 - 25,-0.018000000000000002,,,,,,,3.77,0.18600000000000003,,,,,,,,,,,,,,,,,,,,,,,,,,,,,,,,,,,,,,,,,,,,,,,,,,,,,,,,,,,,,,,,,,,,,,,,,,,,99,120,83,95,48,97,102,99,101,99,120,,,,,,,,,,,,,,,,,,0,,,
22,1013448,1944,Bill Voiselle,NYG,25,21,16,2.5,3.02,43,41,25,1,0,,312.2,1327,276,138,105,31,118,,4,7,0,161,,,,,,,,,,,,4.63,3.4,1.36,7.94,0.89,0.229,1.26,0.242,0.733,3.97,,,,,,,,,,,,,24.3,,,,,,,,,,,,,,,,,,,,,,,,,,,,,,,,,,,,,,,,,,,,,,,,,,,,,,,,,,82,108,,0.121,0.08900000000000001,,,-0.95,,,,,,,,,,,,,,,,,,,,,,,,,,,,,,,,,,,,,,,,,,,,,,,,,,,,,,,,,,,,,,,,,,,,,,,,,,,,,,,,,,,,,,,,4.8,2.2,0.0,2.2,25 - 25,0.032,,,,,,,3.16,0.23399999999999999,,,,,,,,,,,,,,,,,,,,,,,,,,,,,,,,,,,,,,,,,,,,,,,,,,,,,,,,,,,,,,,,,,,,,,,,,,,,147,106,138,88,192,90,93,90,106,148,107,,,,,,,,,,,,,,,,,,0,,,
10,1001208,1944,Hank Borowy,NYY,28,17,12,2.5,2.64,35,30,19,3,2,,252.2,1044,224,93,74,15,88,,0,5,0,107,,,,,,,,,,,,3.81,3.13,1.22,7.98,0.53,0.234,1.23,0.251,0.753,3.51,,,,,,,,,,,,,23.0,,,,,,,,,,,,,,,,,,,,,,,,,,,,,,,,,,,,,,,,,,,,,,,,,,,,,,,,,,77,102,,0.102,0.084,,,-0.87,,,,,,,,,,,,,,,,,,,,,,,,,,,,,,,,,,,,,,,,,,,,,,,,,,,,,,,,,,,,,,,,,,,,,,,,,,,,,,,,,,,,,,,,5.2,1.7,1.0,2.6,28 - 28,0.018000000000000002,,,,,,,3.33,0.201,,,,,,,,,,,,,,,,,,,,,,,,,,,,,,,,,,,,,,,,,,,,,,,,,,,,,,,,,,,,,,,,,,,,,,,,,,,,111,98,113,89,144,92,92,91,108,115,102,,,,,,,,,,,,,,,,,,0,,,
21,1011934,1944,Clyde Shoun,CIN,32,13,10,2.5,3.02,38,21,12,1,2,,202.2,834,193,83,68,10,42,,3,2,0,55,,,,,,,,,,,,2.44,1.87,1.31,8.57,0.44,0.245,1.16,0.253,0.6920000000000001,3.3,,,,,,,,,,,,,23.4,,,,,,,,,,,,,,,,,,,,,,,,,,,,,,,,,,,,,,,,,,,,,,,,,,,,,,,,,,86,94,,0.066,0.05,,,-0.28,,,,,,,,,,,,,,,,,,,,,,,,,,,,,,,,,,,,,,,,,,,,,,,,,,,,,,,,,,,,,,,,,,,,,,,,,,,,,,,,,,,,,,,,3.1,1.0,-0.4,0.6,32 - 32,0.016,,,,,,,3.36,0.128,,,,,,,,,,,,,,,,,,,,,,,,,,,,,,,,,,,,,,,,,,,,,,,,,,,,,,,,,,,,,,,,,,,,,,,,,,,,77,58,133,95,96,96,85,94,100,81,61,,,,,,,,,,,,,,,,,,0,,,
34,1007447,1944,Bill Lee,PHI,34,10,11,2.5,3.15,31,28,11,3,1,,208.1,872,199,88,73,9,57,,3,4,0,50,,,,,,,,,,,,2.16,2.46,0.88,8.6,0.39,0.245,1.23,0.252,0.6940000000000001,3.48,,,,,,,,,,,,,23.0,,,,,,,,,,,,,,,,,,,,,,,,,,,,,,,,,,,,,,,,,,,,,,,,,,,,,,,,,,89,98,,0.057,0.065,,,-0.33,,,,,,,,,,,,,,,,,,,,,,,,,,,,,,,,,,,,,,,,,,,,,,,,,,,,,,,,,,,,,,,,,,,,,,,,,,,,,,,,,,,,,,,,3.2,1.1,-0.3,0.8,34 - 34,-0.008,,,,,,,3.65,0.133,,,,,,,,,,,,,,,,,,,,,,,,,,,,,,,,,,,,,,,,,,,,,,,,,,,,,,,,,,,,,,,,,,,,,,,,,,,,68,77,89,95,84,96,90,93,101,70,79,,,,,,,,,,,,,,,,,,0,,,
41,1005423,1944,Lum Harris,PHA,29,10,9,2.5,3.3,23,22,12,2,0,,174.1,724,193,70,64,8,26,,0,6,0,33,,,,,,,,,,,,1.7,1.34,1.27,9.96,0.41,0.277,1.26,0.282,0.7170000000000001,3.2,,,,,,,,,,,,,22.2,,,,,,,,,,,,,,,,,,,,,,,,,,,,,,,,,,,,,,,,,,,,,,,,,,,,,,,,,,96,93,,0.046,0.036000000000000004,,,0.1,,,,,,,,,,,,,,,,,,,,,,,,,,,,,,,,,,,,,,,,,,,,,,,,,,,,,,,,,,,,,,,,,,,,,,,,,,,,,,,,,,,,,,,,3.0,-0.4,0.9,0.5,29 - 29,0.01,,,,,,,3.43,0.09300000000000001,,,,,,,,,,,,,,,,,,,,,,,,,,,,,,,,,,,,,,,,,,,,,,,,,,,,,,,,,,,,,,,,,,,,,,,,,,,,50,42,118,111,112,108,93,103,103,51,43,,,,,,,,,,,,,,,,,,0,,,
48,1004170,1944,Jesse Flores,PHA,29,9,11,2.5,3.39,27,25,11,2,0,,185.2,771,172,75,70,8,49,,4,2,0,65,,,,,,,,,,,,3.15,2.38,1.33,8.34,0.39,0.24,1.19,0.254,0.7020000000000001,3.26,,,,,,,,,,,,,22.6,,,,,,,,,,,,,,,,,,,,,,,,,,,,,,,,,,,,,,,,,,,,,,,,,,,,,,,,,,98,94,,0.084,0.064,,,0.14,,,,,,,,,,,,,,,,,,,,,,,,,,,,,,,,,,,,,,,,,,,,,,,,,,,,,,,,,,,,,,,,,,,,,,,,,,,,,,,,,,,,,,,,3.1,1.1,-0.5,0.6,29 - 29,0.021,,,,,,,3.3,0.158,,,,,,,,,,,,,,,,,,,,,,,,,,,,,,,,,,,,,,,,,,,,,,,,,,,,,,,,,,,,,,,,,,,,,,,,,,,,92,75,123,93,105,94,88,93,101,95,77,,,,,,,,,,,,,,,,,,0,,,
4,1005756,1944,Ed Heusser,CIN,35,13,11,2.4,2.38,30,23,17,4,2,,192.2,769,165,59,51,9,42,,1,1,0,42,,,,,,,,,,,,1.96,1.96,1.0,7.71,0.42,0.227,1.07,0.231,0.763,3.38,,,,,,,,,,,,,22.1,,,,,,,,,,,,,,,,,,,,,,,,,,,,,,,,,,,,,,,,,,,,,,,,,,,,,,,,,,68,96,,0.055,0.055,,,-1.0,,,,,,,,,,,,,,,,,,,,,,,,,,,,,,,,,,,,,,,,,,,,,,,,,,,,,,,,,,,,,,,,,,,,,,,,,,,,,,,,,,,,,,,,5.6,2.2,0.9,3.2,35 - 35,0.0,,,,,,,3.55,0.121,,,,,,,,,,,,,,,,,,,,,,,,,,,,,,,,,,,,,,,,,,,,,,,,,,,,,,,,,,,,,,,,,,,,,,,,,,,,62,61,101,85,91,89,79,86,111,67,66,,,,,,,,,,,,,,,,,,0,,,
59,1000594,1944,Dick Barrett,PHI,37,12,18,2.4,3.86,37,27,11,1,0,,221.1,963,223,110,95,7,88,,3,7,1,74,,,,,,,,,,,,3.01,3.58,0.84,9.07,0.28,0.256,1.41,0.273,0.6709999999999999,3.52,,,,,,,,,,,,,22.8,,,,,,,,,,,,,,,,,,,,,,,,,,,,,,,,,,,,,,,,,,,,,,,,,,,,,,,,,,109,99,,0.077,0.091,,,0.35,,,,,,,,,,,,,,,,,,,,,,,,,,,,,,,,,,,,,,,,,,,,,,,,,,,,,,,,,,,,,,,,,,,,,,,,,,,,,,,,,,,,,,,,1.5,-0.2,-0.7,-0.9,37 - 37,-0.015,,,,,,,3.73,0.175,,,,,,,,,,,,,,,,,,,,,,,,,,,,,,,,,,,,,,,,,,,,,,,,,,,,,,,,,,,,,,,,,,,,,,,,,,,,95,112,85,100,61,100,103,101,97,94,110,,,,,,,,,,,,,,,,,,0,,,
61,1000600,1944,Red Barrett,BSN,29,9,16,2.4,4.06,42,30,11,1,2,,230.1,1002,257,124,104,13,63,,2,3,0,54,,,,,,,,,,,,2.11,2.46,0.86,10.04,0.51,0.274,1.39,0.28,0.652,3.65,,,,,,,,,,,,,22.6,,,,,,,,,,,,,,,,,,,,,,,,,,,,,,,,,,,,,,,,,,,,,,,,,,,,,,,,,,112,100,,0.054000000000000006,0.063,,,0.41,,,,,,,,,,,,,,,,,,,,,,,,,,,,,,,,,,,,,,,,,,,,,,,,,,,,,,,,,,,,,,,,,,,,,,,,,,,,,,,,,,,,,,,,0.9,-0.7,-0.8,-1.5,29 - 29,-0.009000000000000001,,,,,,,3.66,0.13,,,,,,,,,,,,,,,,,,,,,,,,,,,,,,,,,,,,,,,,,,,,,,,,,,,,,,,,,,,,,,,,,,,,,,,,,,,,67,77,87,111,109,107,102,104,94,66,76,,,,,,,,,,,,,,,,,,0,,,
19,1001166,1944,Tiny Bonham,NYY,30,12,9,2.3,2.99,26,25,17,1,0,,213.2,887,228,84,71,14,41,,0,1,0,54,,,,,,,,,,,,2.27,1.73,1.32,9.6,0.59,0.27,1.26,0.275,0.742,3.46,,,,,,,,,,,,,21.0,,,,,,,,,,,,,,,,,,,,,,,,,,,,,,,,,,,,,,,,,,,,,,,,,,,,,,,,,,87,101,,0.061,0.046,,,-0.47,,,,,,,,,,,,,,,,,,,,,,,,,,,,,,,,,,,,,,,,,,,,,,,,,,,,,,,,,,,,,,,,,,,,,,,,,,,,,,,,,,,,,,,,3.8,-0.1,1.5,1.5,30 - 30,0.015,,,,,,,3.37,0.12300000000000001,,,,,,,,,,,,,,,,,,,,,,,,,,,,,,,,,,,,,,,,,,,,,,,,,,,,,,,,,,,,,,,,,,,,,,,,,,,,67,54,123,107,159,106,93,100,106,68,56,,,,,,,,,,,,,,,,,,0,,,
44,1003043,1944,Curt Davis,BRO,40,10,11,2.3,3.34,31,23,12,1,4,,194.0,822,207,84,72,12,39,,5,0,0,49,,,,,,,,,,,,2.27,1.81,1.26,9.6,0.56,0.266,1.27,0.272,0.713,3.52,,,,,,,,,,,,,21.6,,,,,,,,,,,,,,,,,,,,,,,,,,,,,,,,,,,,,,,,,,,,,,,,,,,,,,,,,,92,97,,0.06,0.047,,,-0.18,,,,,,,,,,,,,,,,,,,,,,,,,,,,,,,,,,,,,,,,,,,,,,,,,,,,,,,,,,,,,,,,,,,,,,,,,,,,,,,,,,,,,,,,2.9,-0.1,0.7,0.6,40 - 40,0.012,,,,,,,3.4,0.122,,,,,,,,,,,,,,,,,,,,,,,,,,,,,,,,,,,,,,,,,,,,,,,,,,,,,,,,,,,,,,,,,,,,,,,,,,,,72,56,127,106,120,104,93,101,103,73,57,,,,,,,,,,,,,,,,,,0,,,
67,1004632,1944,Al Gerheauser,PHI,27,8,16,2.2,4.58,30,29,10,2,0,,182.2,811,210,102,93,8,65,,1,6,0,66,,,,,,,,,,,,3.25,3.2,1.02,10.35,0.39,0.282,1.51,0.301,0.657,3.47,,,,,,,,,,,,,20.7,,,,,,,,,,,,,,,,,,,,,,,,,,,,,,,,,,,,,,,,,,,,,,,,,,,,,,,,,,129,97,,0.081,0.08,,,1.11,,,,,,,,,,,,,,,,,,,,,,,,,,,,,,,,,,,,,,,,,,,,,,,,,,,,,,,,,,,,,,,,,,,,,,,,,,,,,,,,,,,,,,,,0.2,-1.7,-0.3,-2.0,27 - 27,0.001,,,,,,,3.54,0.171,,,,,,,,,,,,,,,,,,,,,,,,,,,,,,,,,,,,,,,,,,,,,,,,,,,,,,,,,,,,,,,,,,,,,,,,,,,,103,100,103,115,85,110,111,111,95,100,97,,,,,,,,,,,,,,,,,,0,,,
38,1007748,1944,Ed Lopat,CHW,26,11,10,2.1,3.26,27,25,13,1,0,,210.0,897,217,96,76,12,59,,2,2,0,75,,,,,,,,,,,,3.21,2.53,1.27,9.3,0.51,0.26,1.31,0.274,0.6970000000000001,3.44,,,,,,,,,,,,,19.4,,,,,,,,,,,,,,,,,,,,,,,,,,,,,,,,,,,,,,,,,,,,,,,,,,,,,,,,,,96,102,,0.084,0.066,,,-0.18,,,,,,,,,,,,,,,,,,,,,,,,,,,,,,,,,,,,,,,,,,,,,,,,,,,,,,,,,,,,,,,,,,,,,,,,,,,,,,,,,,,,,,,,2.0,0.0,-0.2,-0.1,26 - 26,0.018000000000000002,,,,,,,3.34,0.163,,,,,,,,,,,,,,,,,,,,,,,,,,,,,,,,,,,,,,,,,,,,,,,,,,,,,,,,,,,,,,,,,,,,,,,,,,,,94,79,118,104,139,102,97,100,100,94,79,,,,,,,,,,,,,,,,,,0,,,
53,1003289,1944,Bill Dietrich,CHW,34,16,17,2.0,3.62,36,36,15,2,0,,246.0,1061,269,132,99,15,68,,2,3,1,70,,,,,,,,,,,,2.56,2.49,1.03,9.84,0.55,0.271,1.37,0.28,0.6509999999999999,3.62,,,,,,,,,,,,,18.5,,,,,,,,,,,,,,,,,,,,,,,,,,,,,,,,,,,,,,,,,,,,,,,,,,,,,,,,,,107,107,,0.066,0.064,,,0.01,,,,,,,,,,,,,,,,,,,,,,,,,,,,,,,,,,,,,,,,,,,,,,,,,,,,,,,,,,,,,,,,,,,,,,,,,,,,,,,,,,,,,,,,0.3,-0.5,-1.2,-1.7,34 - 34,0.002,,,,,,,3.53,0.14400000000000002,,,,,,,,,,,,,,,,,,,,,,,,,,,,,,,,,,,,,,,,,,,,,,,,,,,,,,,,,,,,,,,,,,,,,,,,,,,,75,78,96,110,148,106,102,102,93,74,77,,,,,,,,,,,,,,,,,,0,,,
60,1001010,1944,Don Black,PHA,27,10,12,2.0,4.06,29,27,8,0,0,,177.1,773,177,94,80,6,75,,4,2,0,78,,,,,,,,,,,,3.96,3.81,1.04,8.98,0.3,0.255,1.42,0.28,0.654,3.44,,,,,,,,,,,,,18.3,,,,,,,,,,,,,,,,,,,,,,,,,,,,,,,,,,,,,,,,,,,,,,,,,,,,,,,,,,117,100,,0.10099999999999999,0.09699999999999999,,,0.62,,,,,,,,,,,,,,,,,,,,,,,,,,,,,,,,,,,,,,,,,,,,,,,,,,,,,,,,,,,,,,,,,,,,,,,,,,,,,,,,,,,,,,,,0.5,-0.3,-1.2,-1.5,27 - 27,0.004,,,,,,,3.5,0.20600000000000002,,,,,,,,,,,,,,,,,,,,,,,,,,,,,,,,,,,,,,,,,,,,,,,,,,,,,,,,,,,,,,,,,,,,,,,,,,,,116,120,97,100,82,100,105,102,94,113,117,,,,,,,,,,,,,,,,,,0,,,
58,1005280,1944,Luke Hamlin,PHA,39,6,12,2.0,3.74,29,23,9,2,0,,190.0,809,204,94,79,13,38,,3,4,0,58,,,,,,,,,,,,2.75,1.8,1.53,9.66,0.62,0.266,1.27,0.274,0.6659999999999999,3.47,,,,,,,,,,,,,18.4,,,,,,,,,,,,,,,,,,,,,,,,,,,,,,,,,,,,,,,,,,,,,,,,,,,,,,,,,,108,101,,0.07200000000000001,0.047,,,0.28,,,,,,,,,,,,,,,,,,,,,,,,,,,,,,,,,,,,,,,,,,,,,,,,,,,,,,,,,,,,,,,,,,,,,,,,,,,,,,,,,,,,,,,,1.2,0.0,-0.8,-0.8,39 - 39,0.025,,,,,,,3.25,0.135,,,,,,,,,,,,,,,,,,,,,,,,,,,,,,,,,,,,,,,,,,,,,,,,,,,,,,,,,,,,,,,,,,,,,,,,,,,,80,57,142,108,167,104,94,100,95,81,57,,,,,,,,,,,,,,,,,,0,,,
45,1003517,1944,Monk Dubiel,NYY,26,13,13,1.9,3.38,30,28,19,3,0,,232.0,984,217,93,87,12,86,,1,1,1,79,,,,,,,,,,,,3.06,3.34,0.92,8.42,0.47,0.242,1.31,0.254,0.735,3.66,,,,,,,,,,,,,18.0,,,,,,,,,,,,,,,,,,,,,,,,,,,,,,,,,,,,,,,,,,,,,,,,,,,,,,,,,,98,107,,0.08,0.087,,,-0.28,,,,,,,,,,,,,,,,,,,,,,,,,,,,,,,,,,,,,,,,,,,,,,,,,,,,,,,,,,,,,,,,,,,,,,,,,,,,,,,,,,,,,,,,3.9,1.3,0.6,1.9,26 - 26,-0.006999999999999999,,,,,,,3.64,0.18,,,,,,,,,,,,,,,,,,,,,,,,,,,,,,,,,,,,,,,,,,,,,,,,,,,,,,,,,,,,,,,,,,,,,,,,,,,,90,105,86,94,126,95,97,93,105,90,105,,,,,,,,,,,,,,,,,,0,,,
63,1003224,1944,Paul Derringer,CHC,37,7,13,1.9,4.15,42,16,7,0,3,,180.0,772,205,96,83,13,39,,0,2,0,69,,,,,,,,,,,,3.45,1.95,1.77,10.25,0.65,0.28,1.36,0.295,0.655,3.36,,,,,,,,,,,,,17.9,,,,,,,,,,,,,,,,,,,,,,,,,,,,,,,,,,,,,,,,,,,,,,,,,,,,,,,,,,118,95,,0.08900000000000001,0.051,,,0.79,,,,,,,,,,,,,,,,,,,,,,,,,,,,,,,,,,,,,,,,,,,,,,,,,,,,,,,,,,,,,,,,,,,,,,,,,,,,,,,,,,,,,,,,0.2,-1.3,-0.4,-1.8,37 - 37,0.039,,,,,,,3.08,0.157,,,,,,,,,,,,,,,,,,,,,,,,,,,,,,,,,,,,,,,,,,,,,,,,,,,,,,,,,,,,,,,,,,,,,,,,,,,,109,61,179,114,140,109,100,109,95,109,61,,,,,,,,,,,,,,,,,,0,,,
56,1005339,1944,Mel Harder,CLE,34,12,10,1.8,3.71,30,27,12,2,0,,196.1,843,211,95,81,5,69,,3,3,0,64,,,,,,,,,,,,2.93,3.16,0.93,9.67,0.23,0.274,1.43,0.293,0.6809999999999999,3.32,,,,,,,,,,,,,16.8,,,,,,,,,,,,,,,,,,,,,,,,,,,,,,,,,,,,,,,,,,,,,,,,,,,,,,,,,,115,103,,0.076,0.08199999999999999,,,0.39,,,,,,,,,,,,,,,,,,,,,,,,,,,,,,,,,,,,,,,,,,,,,,,,,,,,,,,,,,,,,,,,,,,,,,,,,,,,,,,,,,,,,,,,0.8,-1.2,0.2,-1.0,34 - 34,-0.006,,,,,,,3.62,0.16399999999999998,,,,,,,,,,,,,,,,,,,,,,,,,,,,,,,,,,,,,,,,,,,,,,,,,,,,,,,,,,,,,,,,,,,,,,,,,,,,86,99,86,108,62,107,106,107,98,85,99,,,,,,,,,,,,,,,,,,0,,,
9,1005534,1944,Joe Haynes,CHW,26,5,6,1.6,2.57,33,12,8,0,2,,154.1,640,148,55,44,5,43,,0,2,0,44,,,,,,,,,,,,2.57,2.51,1.02,8.63,0.29,0.248,1.24,0.261,0.7390000000000001,3.23,,,,,,,,,,,,,14.4,,,,,,,,,,,,,,,,,,,,,,,,,,,,,,,,,,,,,,,,,,,,,,,,,,,,,,,,,,76,96,,0.069,0.067,,,-0.66,,,,,,,,,,,,,,,,,,,,,,,,,,,,,,,,,,,,,,,,,,,,,,,,,,,,,,,,,,,,,,,,,,,,,,,,,,,,,,,,,,,,,,,,2.9,0.6,0.7,1.3,26 - 26,0.002,,,,,,,3.53,0.14400000000000002,,,,,,,,,,,,,,,,,,,,,,,,,,,,,,,,,,,,,,,,,,,,,,,,,,,,,,,,,,,,,,,,,,,,,,,,,,,,75,79,95,96,79,97,92,95,106,77,81,,,,,,,,,,,,,,,,,,0,,,
52,1006338,1944,Sig Jakucki,SLB,34,13,9,1.4,3.55,35,24,12,4,3,,198.0,853,211,89,78,17,54,,3,1,0,67,,,,,,,,,,,,3.05,2.45,1.24,9.59,0.77,0.265,1.34,0.272,0.733,3.84,,,,,,,,,,,,,12.7,,,,,,,,,,,,,,,,,,,,,,,,,,,,,,,,,,,,,,,,,,,,,,,,,,,,,,,,,,100,109,,0.079,0.063,,,-0.3,,,,,,,,,,,,,,,,,,,,,,,,,,,,,,,,,,,,,,,,,,,,,,,,,,,,,,,,,,,,,,,,,,,,,,,,,,,,,,,,,,,,,,,,2.3,0.1,0.9,1.0,34 - 34,0.015,,,,,,,3.37,0.162,,,,,,,,,,,,,,,,,,,,,,,,,,,,,,,,,,,,,,,,,,,,,,,,,,,,,,,,,,,,,,,,,,,,,,,,,,,,89,77,116,107,209,104,99,99,105,88,76,,,,,,,,,,,,,,,,,,0,,,
66,1010582,1944,Ewald Pyle,NYG,33,7,10,1.4,4.34,31,21,3,0,0,,164.0,714,152,89,79,12,68,,6,3,0,79,,,,,,,,,,,,4.34,3.73,1.16,8.34,0.66,0.238,1.34,0.255,0.655,3.88,,,,,,,,,,,,,13.0,,,,,,,,,,,,,,,,,,,,,,,,,,,,,,,,,,,,,,,,,,,,,,,,,,,,,,,,,,118,105,,0.111,0.095,,,0.45,,,,,,,,,,,,,,,,,,,,,,,,,,,,,,,,,,,,,,,,,,,,,,,,,,,,,,,,,,,,,,,,,,,,,,,,,,,,,,,,,,,,,,,,0.7,0.6,-1.3,-0.7,33 - 33,0.015,,,,,,,3.37,0.223,,,,,,,,,,,,,,,,,,,,,,,,,,,,,,,,,,,,,,,,,,,,,,,,,,,,,,,,,,,,,,,,,,,,,,,,,,,,137,116,118,92,142,93,99,94,95,135,115,,,,,,,,,,,,,,,,,,0,,,
54,1002195,1944,Bob Chipman,- - -,25,12,10,1.3,3.65,37,24,9,1,2,,165.1,731,185,81,67,10,64,,0,4,0,61,,,,,,,,,,,,3.32,3.48,0.95,10.07,0.54,0.277,1.51,0.294,0.715,3.75,,,,,,,,,,,,,11.9,,,,,,,,,,,,,,,,,,,,,,,,,,,,,,,,,,,,,,,,,,,,,,,,,,,,,,,,,,103,106,,0.083,0.08800000000000001,,,-0.1,,,,,,,,,,,,,,,,,,,,,,,,,,,,,,,,,,,,,,,,,,,,,,,,,,,,,,,,,,,,,,,,,,,,,,,,,,,,,,,,,,,,,,,,1.2,-1.1,1.1,-0.1,25 - 25,-0.004,,,,,,,3.6,0.185,,,,,,,,,,,,,,,,,,,,,,,,,,,,,,,,,,,,,,,,,,,,,,,,,,,,,,,,,,,,,,,,,,,,,,,,,,,,105,109,97,112,117,109,111,109,104,102,106,,,,,,,,,,,,,,,,,,0,,,
40,1010860,1944,Allie Reynolds,CLE,27,11,8,1.2,3.3,28,21,5,1,1,,158.0,690,141,63,58,2,91,,4,4,0,84,,,,,,,,,,,,4.78,5.18,0.92,8.03,0.11,0.237,1.47,0.273,0.742,3.44,,,,,,,,,,,,,10.7,,,,,,,,,,,,,,,,,,,,,,,,,,,,,,,,,,,,,,,,,,,,,,,,,,,,,,,,,,102,107,,0.122,0.132,,,-0.14,,,,,,,,,,,,,,,,,,,,,,,,,,,,,,,,,,,,,,,,,,,,,,,,,,,,,,,,,,,,,,,,,,,,,,,,,,,,,,,,,,,,,,,,2.1,0.0,0.9,1.0,27 - 27,-0.01,,,,,,,3.67,0.257,,,,,,,,,,,,,,,,,,,,,,,,,,,,,,,,,,,,,,,,,,,,,,,,,,,,,,,,,,,,,,,,,,,,,,,,,,,,140,163,86,90,31,93,109,100,106,137,159,,,,,,,,,,,,,,,,,,0,,,
65,1004616,1944,Rufe Gentry,DET,26,12,14,1.1,4.24,37,30,10,3,0,,203.2,901,211,104,96,9,108,,4,4,0,68,,,,,,,,,,,,3.0,4.77,0.63,9.32,0.4,0.267,1.57,0.284,0.706,4.1,,,,,,,,,,,,,10.6,,,,,,,,,,,,,,,,,,,,,,,,,,,,,,,,,,,,,,,,,,,,,,,,,,,,,,,,,,117,114,,0.075,0.12,,,0.15,,,,,,,,,,,,,,,,,,,,,,,,,,,,,,,,,,,,,,,,,,,,,,,,,,,,,,,,,,,,,,,,,,,,,,,,,,,,,,,,,,,,,,,,1.4,-0.5,0.8,0.3,26 - 26,-0.044000000000000004,,,,,,,4.08,0.205,,,,,,,,,,,,,,,,,,,,,,,,,,,,,,,,,,,,,,,,,,,,,,,,,,,,,,,,,,,,,,,,,,,,,,,,,,,,88,150,59,104,108,105,116,103,101,85,145,,,,,,,,,,,,,,,,,,0,,,
32,1004144,1944,Bill Fleming,CHC,30,9,10,1.1,3.13,39,18,9,1,0,,158.1,688,163,74,55,6,62,,1,4,0,42,,,,,,,,,,,,2.39,3.52,0.68,9.27,0.34,0.261,1.42,0.272,0.6990000000000001,3.7,,,,,,,,,,,,,10.7,,,,,,,,,,,,,,,,,,,,,,,,,,,,,,,,,,,,,,,,,,,,,,,,,,,,,,,,,,89,105,,0.061,0.09,,,-0.57,,,,,,,,,,,,,,,,,,,,,,,,,,,,,,,,,,,,,,,,,,,,,,,,,,,,,,,,,,,,,,,,,,,,,,,,,,,,,,,,,,,,,,,,1.3,-0.1,0.3,0.2,30 - 30,-0.028999999999999998,,,,,,,3.9,0.16,,,,,,,,,,,,,,,,,,,,,,,,,,,,,,,,,,,,,,,,,,,,,,,,,,,,,,,,,,,,,,,,,,,,,,,,,,,,76,110,69,103,74,102,105,101,101,75,109,,,,,,,,,,,,,,,,,,0,,,
39,1014242,1944,Pinky Woods,BOS,29,4,8,1.0,3.27,38,20,5,1,0,,170.2,749,171,73,62,4,88,,6,3,1,56,,,,,,,,,,,,2.95,4.64,0.64,9.02,0.21,0.261,1.52,0.281,0.74,3.84,,,,,,,,,,,,,9.3,,,,,,,,,,,,,,,,,,,,,,,,,,,,,,,,,,,,,,,,,,,,,,,,,,,,,,,,,,93,110,,0.075,0.11699999999999999,,,-0.57,,,,,,,,,,,,,,,,,,,,,,,,,,,,,,,,,,,,,,,,,,,,,,,,,,,,,,,,,,,,,,,,,,,,,,,,,,,,,,,,,,,,,,,,2.3,-0.3,1.6,1.2,29 - 29,-0.043,,,,,,,4.06,0.198,,,,,,,,,,,,,,,,,,,,,,,,,,,,,,,,,,,,,,,,,,,,,,,,,,,,,,,,,,,,,,,,,,,,,,,,,,,,86,146,59,101,57,102,113,102,106,84,142,,,,,,,,,,,,,,,,,,0,,,
49,1012089,1944,Al Smith,CLE,36,7,13,0.9,3.42,28,26,7,1,0,,181.2,792,197,83,69,6,69,,3,4,0,44,,,,,,,,,,,,2.18,3.42,0.64,9.76,0.3,0.274,1.46,0.285,0.7140000000000001,3.67,,,,,,,,,,,,,8.5,,,,,,,,,,,,,,,,,,,,,,,,,,,,,,,,,,,,,,,,,,,,,,,,,,,,,,,,,,106,114,,0.055999999999999994,0.087,,,-0.25,,,,,,,,,,,,,,,,,,,,,,,,,,,,,,,,,,,,,,,,,,,,,,,,,,,,,,,,,,,,,,,,,,,,,,,,,,,,,,,,,,,,,,,,1.3,-0.6,1.0,0.4,36 - 36,-0.032,,,,,,,3.93,0.15,,,,,,,,,,,,,,,,,,,,,,,,,,,,,,,,,,,,,,,,,,,,,,,,,,,,,,,,,,,,,,,,,,,,,,,,,,,,64,107,59,109,80,107,109,104,102,62,105,,,,,,,,,,,,,,,,,,0,,,
69,1014193,1944,Roger Wolff,WAS,33,4,15,0.9,4.99,33,21,5,0,2,,155.0,715,186,107,86,9,60,,6,6,0,73,,,,,,,,,,,,4.24,3.48,1.22,10.8,0.52,0.287,1.59,0.312,0.606,3.63,,,,,,,,,,,,,8.3,,,,,,,,,,,,,,,,,,,,,,,,,,,,,,,,,,,,,,,,,,,,,,,,,,,,,,,,,,151,110,,0.102,0.084,,,1.36,,,,,,,,,,,,,,,,,,,,,,,,,,,,,,,,,,,,,,,,,,,,,,,,,,,,,,,,,,,,,,,,,,,,,,,,,,,,,,,,,,,,,,,,-2.5,-1.7,-1.7,-3.4,33 - 33,0.018000000000000002,,,,,,,3.33,0.19899999999999998,,,,,,,,,,,,,,,,,,,,,,,,,,,,,,,,,,,,,,,,,,,,,,,,,,,,,,,,,,,,,,,,,,,,,,,,,,,,124,109,113,121,141,112,118,114,87,115,101,,,,,,,,,,,,,,,,,,0,,,
55,1006186,1944,Johnny Humphries,CHW,29,8,10,0.8,3.67,30,20,8,0,1,,169.0,711,170,75,69,9,57,,4,2,1,42,,,,,,,,,,,,2.24,3.04,0.74,9.05,0.48,0.262,1.34,0.269,0.7140000000000001,3.82,,,,,,,,,,,,,7.6,,,,,,,,,,,,,,,,,,,,,,,,,,,,,,,,,,,,,,,,,,,,,,,,,,,,,,,,,,109,113,,0.059000000000000004,0.08,,,-0.14,,,,,,,,,,,,,,,,,,,,,,,,,,,,,,,,,,,,,,,,,,,,,,,,,,,,,,,,,,,,,,,,,,,,,,,,,,,,,,,,,,,,,,,,1.7,0.3,0.6,0.9,29 - 29,-0.021,,,,,,,3.8,0.152,,,,,,,,,,,,,,,,,,,,,,,,,,,,,,,,,,,,,,,,,,,,,,,,,,,,,,,,,,,,,,,,,,,,,,,,,,,,65,95,69,101,130,103,100,98,102,66,97,,,,,,,,,,,,,,,,,,0,,,
68,1001269,1944,Joe Bowman,BOS,34,12,8,0.6,4.81,26,24,10,1,0,,168.1,724,175,95,90,14,64,,2,2,0,53,,,,,,,,,,,,2.83,3.42,0.83,9.36,0.75,0.266,1.42,0.272,0.659,4.17,,,,,,,,,,,,,5.8,,,,,,,,,,,,,,,,,,,,,,,,,,,,,,,,,,,,,,,,,,,,,,,,,,,,,,,,,,137,119,,0.073,0.08800000000000001,,,0.64,,,,,,,,,,,,,,,,,,,,,,,,,,,,,,,,,,,,,,,,,,,,,,,,,,,,,,,,,,,,,,,,,,,,,,,,,,,,,,,,,,,,,,,,0.1,0.1,-0.6,-0.5,34 - 34,-0.015,,,,,,,3.73,0.18100000000000002,,,,,,,,,,,,,,,,,,,,,,,,,,,,,,,,,,,,,,,,,,,,,,,,,,,,,,,,,,,,,,,,,,,,,,,,,,,,83,107,77,104,202,104,105,99,95,82,107,,,,,,,,,,,,,,,,,,0,,,
47,1006999,1944,Ed Klieman,CLE,26,11,13,0.6,3.38,47,19,5,1,5,,178.1,764,185,73,67,4,70,,7,2,0,44,,,,,,,,,,,,2.22,3.53,0.63,9.34,0.2,0.269,1.43,0.283,0.737,3.63,,,,,,,,,,,,,5.4,,,,,,,,,,,,,,,,,,,,,,,,,,,,,,,,,,,,,,,,,,,,,,,,,,,,,,,,,,105,113,,0.057999999999999996,0.092,,,-0.25,,,,,,,,,,,,,,,,,,,,,,,,,,,,,,,,,,,,,,,,,,,,,,,,,,,,,,,,,,,,,,,,,,,,,,,,,,,,,,,,,,,,,,,,1.9,-0.5,1.8,1.3,26 - 26,-0.034,,,,,,,3.96,0.154,,,,,,,,,,,,,,,,,,,,,,,,,,,,,,,,,,,,,,,,,,,,,,,,,,,,,,,,,,,,,,,,,,,,,,,,,,,,65,111,59,104,55,106,106,103,106,65,111,,,,,,,,,,,,,,,,,,0,,,
64,1003971,1944,Harry Feldman,NYG,24,11,13,0.6,4.16,40,27,8,1,2,,205.1,913,214,120,95,18,91,,2,4,0,70,,,,,,,,,,,,3.07,3.99,0.77,9.38,0.79,0.261,1.49,0.268,0.664,4.36,,,,,,,,,,,,,6.0,,,,,,,,,,,,,,,,,,,,,,,,,,,,,,,,,,,,,,,,,,,,,,,,,,,,,,,,,,113,118,,0.077,0.1,,,-0.19,,,,,,,,,,,,,,,,,,,,,,,,,,,,,,,,,,,,,,,,,,,,,,,,,,,,,,,,,,,,,,,,,,,,,,,,,,,,,,,,,,,,,,,,0.0,0.1,-0.8,-0.6,24 - 24,-0.023,,,,,,,3.83,0.196,,,,,,,,,,,,,,,,,,,,,,,,,,,,,,,,,,,,,,,,,,,,,,,,,,,,,,,,,,,,,,,,,,,,,,,,,,,,97,124,78,104,170,102,109,99,96,94,120,,,,,,,,,,,,,,,,,,0,,,
43,1003376,1944,Atley Donald,NYY,33,13,10,0.3,3.34,30,19,9,0,0,,159.0,693,173,77,59,13,59,,2,3,0,48,,,,,,,,,,,,2.72,3.34,0.81,9.79,0.74,0.274,1.46,0.28,0.728,4.15,,,,,,,,,,,,,2.6,,,,,,,,,,,,,,,,,,,,,,,,,,,,,,,,,,,,,,,,,,,,,,,,,,,,,,,,,,97,121,,0.069,0.085,,,-0.81,,,,,,,,,,,,,,,,,,,,,,,,,,,,,,,,,,,,,,,,,,,,,,,,,,,,,,,,,,,,,,,,,,,,,,,,,,,,,,,,,,,,,,,,1.0,-0.3,1.0,0.8,33 - 33,-0.016,,,,,,,3.74,0.17300000000000001,,,,,,,,,,,,,,,,,,,,,,,,,,,,,,,,,,,,,,,,,,,,,,,,,,,,,,,,,,,,,,,,,,,,,,,,,,,,79,105,76,109,199,107,108,102,104,78,103,,,,,,,,,,,,,,,,,,0,,,
70,1005020,1944,Hal Gregg,BRO,22,9,16,-0.1,5.46,39,31,6,0,2,,197.2,941,201,142,120,12,137,,9,10,0,92,,,,,,,,,,,,4.19,6.24,0.67,9.15,0.55,0.253,1.71,0.274,0.621,4.61,,,,,,,,,,,,,-0.7,,,,,,,,,,,,,,,,,,,,,,,,,,,,,,,,,,,,,,,,,,,,,,,,,,,,,,,,,,151,127,,0.098,0.146,,,0.85,,,,,,,,,,,,,,,,,,,,,,,,,,,,,,,,,,,,,,,,,,,,,,,,,,,,,,,,,,,,,,,,,,,,,,,,,,,,,,,,,,,,,,,,-2.6,-0.2,-2.3,-2.5,22 - 22,-0.048,,,,,,,4.12,0.256,,,,,,,,,,,,,,,,,,,,,,,,,,,,,,,,,,,,,,,,,,,,,,,,,,,,,,,,,,,,,,,,,,,,,,,,,,,,132,195,68,101,118,99,126,101,90,120,176,,,,,,,,,,,,,,,,,,0,,,
